matchday,player_id,player_name,team_id,matches,minutes,goals,assists,shots,key_passes,tackles,interceptions,duels_total,duels_won,dribbles_attempts,dribbles_success,goal_involvements,goals_p90,assists_p90,ga_p90,key_passes_p90,def_actions_p90,duel_win_pct,dribble_success_pct,above_min_threshold
2,340173,Ermin Mahmić,1113,1,7.0,1.0,0.0,1.0,0.0,0.0,0.0,1.0,0.0,0.0,0.0,1.0,12.857,0.0,12.857,0.0,0.0,0.0,,False
2,406244,Johan Manzambi,15,1,19.0,2.0,0.0,2.0,0.0,0.0,0.0,5.0,1.0,4.0,1.0,2.0,9.474,0.0,9.474,0.0,0.0,20.0,25.0,False
2,48471,Rubén Vargas,15,1,19.0,1.0,1.0,2.0,1.0,1.0,0.0,1.0,1.0,0.0,0.0,2.0,4.737,4.737,9.474,4.737,4.737,100.0,,False
2,47323,Mikel Oyarzabal,9,1,45.0,2.0,1.0,5.0,1.0,1.0,0.0,6.0,3.0,0.0,0.0,3.0,4.0,2.0,6.0,2.0,2.0,50.0,,False
2,26475,Deniz Undav,25,1,34.0,2.0,0.0,3.0,2.0,0.0,0.0,1.0,0.0,0.0,0.0,2.0,5.294,0.0,5.294,5.294,0.0,0.0,,False
2,667,Memphis Depay,1118,1,18.0,0.0,1.0,0.0,1.0,0.0,0.0,5.0,1.0,2.0,0.0,1.0,0.0,5.0,5.0,5.0,0.0,20.0,0.0,False
2,294824,Nathan-Dylan Saliba,5529,1,41.0,1.0,1.0,1.0,2.0,1.0,0.0,5.0,2.0,1.0,0.0,2.0,2.195,2.195,4.39,4.39,2.195,40.0,0.0,False
2,37724,Crysencio Summerville,1118,1,45.0,1.0,1.0,1.0,1.0,1.0,1.0,6.0,3.0,2.0,1.0,2.0,2.0,2.0,4.0,2.0,4.0,50.0,50.0,False
2,2664,Mahmoud Trézéguet,32,1,25.0,1.0,0.0,1.0,0.0,0.0,0.0,2.0,0.0,0.0,0.0,1.0,3.6,0.0,3.6,0.0,0.0,0.0,,False
2,72155,Ayase Ueda,12,1,84.0,2.0,1.0,4.0,2.0,0.0,0.0,9.0,4.0,2.0,1.0,3.0,2.143,1.071,3.214,2.143,0.0,44.4,50.0,False
2,247,Cody Gakpo,1118,1,89.0,2.0,1.0,4.0,1.0,1.0,1.0,19.0,8.0,8.0,2.0,3.0,2.022,1.011,3.034,1.011,2.022,42.1,25.0,False
2,1165,Matheus Cunha,6,1,64.0,2.0,0.0,2.0,0.0,2.0,1.0,5.0,4.0,0.0,0.0,2.0,2.812,0.0,2.812,0.0,4.219,80.0,,False
2,8489,Jonathan David,5529,1,98.0,3.0,0.0,5.0,0.0,0.0,0.0,2.0,0.0,0.0,0.0,3.0,2.755,0.0,2.755,0.0,0.0,0.0,,True
2,153,Ousmane Dembélé,2,1,68.0,1.0,1.0,3.0,3.0,1.0,0.0,10.0,4.0,6.0,3.0,2.0,1.324,1.324,2.647,3.971,1.324,40.0,50.0,False
2,19617,Michael Olise,2,1,68.0,0.0,2.0,1.0,3.0,1.0,0.0,11.0,6.0,4.0,3.0,2.0,0.0,2.647,2.647,3.971,1.324,54.5,75.0,False
2,714,Nadiem Amiri,25,1,34.0,0.0,1.0,1.0,1.0,0.0,0.0,0.0,0.0,0.0,0.0,1.0,0.0,2.647,2.647,2.647,0.0,,,False
2,153430,Anthony Elanga,5,1,35.0,1.0,0.0,1.0,0.0,0.0,0.0,2.0,2.0,1.0,1.0,1.0,2.571,0.0,2.571,0.0,0.0,100.0,100.0,False
2,291024,Hélio Varela,1533,1,35.0,1.0,0.0,1.0,0.0,0.0,0.0,7.0,1.0,1.0,1.0,1.0,2.571,0.0,2.571,0.0,0.0,14.3,100.0,False
2,38750,Brian Brobbey,1118,1,72.0,2.0,0.0,2.0,2.0,0.0,0.0,5.0,3.0,0.0,0.0,2.0,2.5,0.0,2.5,2.5,0.0,60.0,,False
2,395075,Mostafa Ziko,32,1,76.0,1.0,1.0,2.0,2.0,2.0,1.0,9.0,4.0,0.0,0.0,2.0,1.184,1.184,2.368,2.368,3.553,44.4,,False
2,51776,Maximiliano Araújo,7,1,81.0,1.0,1.0,2.0,3.0,1.0,0.0,9.0,3.0,3.0,0.0,2.0,1.111,1.111,2.222,3.333,1.111,33.3,0.0,False
2,762,Vinícius Júnior,6,1,81.0,1.0,1.0,2.0,1.0,0.0,0.0,7.0,3.0,6.0,2.0,2.0,1.111,1.111,2.222,1.111,0.0,42.9,33.3,False
2,306,Mohamed Salah,32,1,85.0,1.0,1.0,3.0,5.0,0.0,0.0,8.0,4.0,3.0,2.0,2.0,1.059,1.059,2.118,5.294,0.0,50.0,66.7,False
2,278,Kylian Mbappé,2,1,89.0,2.0,0.0,7.0,2.0,1.0,0.0,9.0,4.0,4.0,2.0,2.0,2.022,0.0,2.022,2.022,1.011,44.4,50.0,False
2,39064,Patrick Berg,1090,1,45.0,0.0,1.0,0.0,1.0,0.0,0.0,4.0,2.0,2.0,2.0,1.0,0.0,2.0,2.0,2.0,0.0,50.0,100.0,False
2,292924,Ahmed Nadhir Benbouali,1532,1,45.0,1.0,0.0,2.0,0.0,1.0,0.0,12.0,5.0,1.0,1.0,1.0,2.0,0.0,2.0,0.0,2.0,41.7,100.0,False
2,1100,Erling Haaland,1090,1,90.0,2.0,0.0,4.0,2.0,0.0,0.0,11.0,4.0,0.0,0.0,2.0,2.0,0.0,2.0,2.0,0.0,36.4,,True
2,386828,Lamine Yamal,9,1,45.0,1.0,0.0,5.0,1.0,1.0,0.0,3.0,3.0,2.0,2.0,1.0,2.0,0.0,2.0,2.0,2.0,100.0,100.0,False
2,226,Denzel Dumfries,1118,1,90.0,0.0,2.0,0.0,2.0,3.0,1.0,9.0,5.0,0.0,0.0,2.0,0.0,2.0,2.0,2.0,4.0,55.6,,True
2,2218,Ismaïla Sarr,13,1,90.0,2.0,0.0,4.0,0.0,1.0,1.0,11.0,4.0,2.0,0.0,2.0,2.0,0.0,2.0,0.0,2.0,36.4,0.0,True
2,154,Lionel Messi,26,1,98.0,2.0,0.0,7.0,2.0,2.0,0.0,15.0,9.0,4.0,3.0,2.0,1.837,0.0,1.837,1.837,1.837,60.0,75.0,True
2,386837,Alexandr Sojka,770,1,55.0,0.0,1.0,0.0,1.0,0.0,0.0,6.0,3.0,1.0,1.0,1.0,0.0,1.636,1.636,1.636,0.0,50.0,100.0,False
2,1323,Dani Olmo,9,1,61.0,0.0,1.0,2.0,1.0,1.0,1.0,7.0,3.0,3.0,1.0,1.0,0.0,1.475,1.475,1.475,2.951,42.9,33.3,False
2,1646,Lucas Paquetá,6,1,64.0,0.0,1.0,0.0,2.0,1.0,3.0,5.0,1.0,1.0,0.0,1.0,0.0,1.406,1.406,2.812,5.625,20.0,0.0,False
2,241,Michal Sadílek,770,1,67.0,1.0,0.0,2.0,1.0,1.0,1.0,5.0,2.0,0.0,0.0,1.0,1.343,0.0,1.343,1.343,2.687,40.0,,False
2,96512,Kevin Lenini,1533,1,71.0,1.0,0.0,1.0,2.0,2.0,1.0,11.0,6.0,2.0,1.0,1.0,1.268,0.0,1.268,2.535,3.803,54.5,50.0,False
2,35970,Luis Romo,16,1,71.0,1.0,0.0,1.0,1.0,4.0,1.0,11.0,7.0,2.0,0.0,1.0,1.268,0.0,1.268,1.268,6.338,63.6,0.0,False
2,2601,Daichi Kamada,12,1,73.0,1.0,0.0,1.0,1.0,1.0,0.0,5.0,2.0,1.0,0.0,1.0,1.233,0.0,1.233,1.233,1.233,40.0,0.0,False
2,635,Riyad Mahrez,1532,1,76.0,0.0,1.0,1.0,3.0,2.0,0.0,11.0,5.0,4.0,1.0,1.0,0.0,1.184,1.184,3.553,2.368,45.5,25.0,False
2,39362,Marcus Pedersen,1090,1,77.0,1.0,0.0,1.0,1.0,0.0,0.0,7.0,2.0,0.0,0.0,1.0,1.169,0.0,1.169,1.169,0.0,28.6,,False
2,33321,Keito Nakamura,12,1,79.0,0.0,1.0,0.0,1.0,2.0,0.0,7.0,5.0,2.0,2.0,1.0,0.0,1.139,1.139,1.139,2.278,71.4,100.0,False
2,6231,Facundo Medina,26,1,82.0,0.0,1.0,0.0,1.0,3.0,1.0,10.0,5.0,0.0,0.0,1.0,0.0,1.098,1.098,1.098,4.39,50.0,,False
2,161897,Ismael Saibari,31,1,84.0,1.0,0.0,1.0,1.0,1.0,0.0,3.0,2.0,1.0,0.0,1.0,1.071,0.0,1.071,1.071,1.071,66.7,0.0,False
2,15286,Mousa Tamari,1548,1,84.0,0.0,1.0,2.0,1.0,0.0,0.0,11.0,3.0,3.0,1.0,1.0,0.0,1.071,1.071,1.071,0.0,27.3,33.3,False
2,744,Brahim Díaz,31,1,84.0,0.0,1.0,0.0,3.0,0.0,0.0,12.0,5.0,5.0,3.0,1.0,0.0,1.071,1.071,3.214,0.0,41.7,60.0,False
2,94346,Tim Payne,4673,1,85.0,0.0,1.0,0.0,1.0,2.0,0.0,5.0,2.0,0.0,0.0,1.0,0.0,1.059,1.059,1.059,2.118,40.0,,False
2,85041,Amine Gouiri,1532,1,86.0,1.0,0.0,3.0,1.0,1.0,0.0,7.0,2.0,2.0,1.0,1.0,1.047,0.0,1.047,1.047,1.047,28.6,50.0,False
2,305832,Matías Galarza,2380,1,89.0,1.0,0.0,1.0,0.0,3.0,1.0,21.0,9.0,6.0,2.0,1.0,1.011,0.0,1.011,0.0,4.045,42.9,33.3,False
2,70747,Julio Enciso,2380,1,89.0,0.0,1.0,1.0,4.0,1.0,1.0,12.0,9.0,8.0,6.0,1.0,0.0,1.011,1.011,4.045,2.022,75.0,75.0,False
2,421,Breel Embolo,15,1,89.0,0.0,1.0,0.0,2.0,0.0,0.0,11.0,5.0,0.0,0.0,1.0,0.0,1.011,1.011,2.022,0.0,45.5,,False
2,213980,Nizar Al-Rashdan,1548,1,90.0,1.0,0.0,2.0,0.0,3.0,0.0,16.0,7.0,1.0,0.0,1.0,1.0,0.0,1.0,0.0,3.0,43.8,0.0,True
2,37127,Martin Ødegaard,1090,1,90.0,0.0,1.0,2.0,1.0,1.0,1.0,7.0,3.0,2.0,1.0,1.0,0.0,1.0,1.0,1.0,2.0,42.9,50.0,True
2,1464,Granit Xhaka,15,1,90.0,1.0,0.0,1.0,2.0,2.0,1.0,6.0,4.0,0.0,0.0,1.0,1.0,0.0,1.0,2.0,3.0,66.7,,True
2,2864,Alexander Isak,5,1,90.0,0.0,1.0,1.0,4.0,0.0,0.0,5.0,3.0,1.0,1.0,1.0,0.0,1.0,1.0,4.0,0.0,60.0,100.0,True
2,38114,Ko Itakura,12,1,90.0,0.0,1.0,0.0,2.0,1.0,1.0,5.0,3.0,0.0,0.0,1.0,0.0,1.0,1.0,2.0,2.0,60.0,,True
2,33889,Kaishu Sano,12,1,90.0,0.0,1.0,0.0,1.0,1.0,2.0,5.0,2.0,0.0,0.0,1.0,0.0,1.0,1.0,1.0,3.0,40.0,,True
2,355994,Alexander Freeman,2384,1,90.0,1.0,0.0,1.0,1.0,4.0,2.0,14.0,10.0,3.0,2.0,1.0,1.0,0.0,1.0,1.0,6.0,71.4,66.7,True
2,622,Aymeric Laporte,9,1,90.0,0.0,1.0,0.0,2.0,1.0,2.0,5.0,2.0,0.0,0.0,1.0,0.0,1.0,1.0,2.0,3.0,40.0,,True
2,304,Sadio Mané,13,1,90.0,0.0,1.0,0.0,5.0,3.0,0.0,16.0,10.0,5.0,4.0,1.0,0.0,1.0,1.0,5.0,3.0,62.5,80.0,True
2,283058,Nicolas Jackson,13,1,90.0,0.0,1.0,2.0,1.0,0.0,1.0,7.0,4.0,1.0,0.0,1.0,0.0,1.0,1.0,1.0,1.0,57.1,0.0,True
2,1942,Junya Ito,12,1,90.0,1.0,0.0,1.0,0.0,2.0,1.0,16.0,4.0,8.0,1.0,1.0,1.0,0.0,1.0,0.0,3.0,25.0,12.5,True
2,51603,Agustín Canobbio,7,1,93.0,1.0,0.0,1.0,2.0,6.0,0.0,16.0,7.0,2.0,0.0,1.0,0.968,0.0,0.968,1.935,5.806,43.8,0.0,True
2,637,Felix Nmecha,25,1,94.0,0.0,1.0,0.0,2.0,8.0,1.0,20.0,10.0,3.0,0.0,1.0,0.0,0.957,0.957,1.915,8.617,50.0,0.0,True
2,1642,Franck Kessié,1501,1,94.0,1.0,0.0,1.0,0.0,0.0,0.0,6.0,1.0,2.0,1.0,1.0,0.957,0.0,0.957,0.0,0.0,16.7,50.0,True
2,3287,Teboho Mokoena,1531,1,98.0,1.0,0.0,2.0,5.0,2.0,2.0,10.0,5.0,0.0,0.0,1.0,0.918,0.0,0.918,4.592,3.673,50.0,,True
2,2001,Cyle Larin,5529,1,98.0,1.0,0.0,2.0,1.0,0.0,0.0,8.0,2.0,0.0,0.0,1.0,0.918,0.0,0.918,0.918,0.0,25.0,,True
2,2654,Mohamed Hany,32,1,101.0,0.0,1.0,0.0,2.0,1.0,1.0,3.0,1.0,1.0,0.0,1.0,0.0,0.891,0.891,1.782,1.782,33.3,0.0,True
2,210165,Finn Surman,4673,1,101.0,1.0,0.0,1.0,0.0,0.0,1.0,7.0,1.0,0.0,0.0,1.0,0.891,0.0,0.891,0.0,0.891,14.3,,True
2,116117,Moisés Caicedo,2382,1,96.0,0.0,0.0,1.0,4.0,2.0,1.0,8.0,5.0,1.0,1.0,0.0,0.0,0.0,0.0,3.75,2.812,62.5,100.0,True
2,128772,David Zima,770,1,20.0,0.0,0.0,0.0,0.0,0.0,0.0,2.0,2.0,0.0,0.0,0.0,0.0,0.0,0.0,0.0,0.0,100.0,,False
2,119853,Mory Diaw,13,1,27.0,0.0,0.0,0.0,0.0,0.0,0.0,2.0,2.0,1.0,1.0,0.0,0.0,0.0,0.0,0.0,0.0,100.0,100.0,False
2,123530,Mahmoud Al-Mardi,1548,1,76.0,0.0,0.0,1.0,1.0,0.0,0.0,6.0,1.0,1.0,0.0,0.0,0.0,0.0,0.0,1.184,0.0,16.7,0.0,False
2,129047,Ramiz Zerrouki,1532,1,45.0,0.0,0.0,0.0,0.0,1.0,2.0,3.0,1.0,0.0,0.0,0.0,0.0,0.0,0.0,0.0,6.0,33.3,,False
2,128766,Louicius Don Deedson,2386,1,28.0,0.0,0.0,0.0,1.0,0.0,0.0,5.0,0.0,3.0,0.0,0.0,0.0,0.0,0.0,3.214,0.0,0.0,0.0,False
2,128533,Jamie Leweling,25,1,34.0,0.0,0.0,1.0,0.0,0.0,0.0,0.0,0.0,0.0,0.0,0.0,0.0,0.0,0.0,0.0,0.0,,,False
2,128007,Yannick Semedo,1533,1,13.0,0.0,0.0,0.0,0.0,0.0,0.0,1.0,0.0,0.0,0.0,0.0,0.0,0.0,0.0,0.0,0.0,0.0,,False
2,127817,Piero Hincapié,2382,1,96.0,0.0,0.0,2.0,2.0,3.0,1.0,15.0,10.0,1.0,1.0,0.0,0.0,0.0,0.0,1.875,3.75,66.7,100.0,True
2,126642,Patrick Wimmer,775,1,20.0,0.0,0.0,1.0,0.0,0.0,1.0,7.0,3.0,0.0,0.0,0.0,0.0,0.0,0.0,0.0,4.5,42.9,,False
2,127769,Gabriel Martinelli,6,1,26.0,0.0,0.0,0.0,1.0,0.0,1.0,5.0,2.0,1.0,0.0,0.0,0.0,0.0,0.0,3.462,3.462,40.0,0.0,False
2,127429,Iqraam Rayners,1531,1,66.0,0.0,0.0,0.0,0.0,0.0,0.0,7.0,2.0,0.0,0.0,0.0,0.0,0.0,0.0,0.0,0.0,28.6,,False
2,126949,Chris Richards,2384,1,90.0,0.0,0.0,0.0,0.0,3.0,2.0,12.0,6.0,0.0,0.0,0.0,0.0,0.0,0.0,0.0,5.0,50.0,,True
2,127227,Israel Reyes,16,1,10.0,0.0,0.0,0.0,0.0,1.0,1.0,2.0,1.0,0.0,0.0,0.0,0.0,0.0,0.0,0.0,18.0,50.0,,False
2,94541,Joe Bell,4673,1,101.0,0.0,0.0,0.0,1.0,2.0,1.0,6.0,3.0,1.0,1.0,0.0,0.0,0.0,0.0,0.891,2.673,50.0,100.0,True
2,156477,Rayan Cherki,2,1,22.0,0.0,0.0,0.0,1.0,1.0,0.0,3.0,2.0,2.0,1.0,0.0,0.0,0.0,0.0,4.091,4.091,66.7,50.0,False
2,157997,Amad Diallo,1501,1,75.0,0.0,0.0,0.0,2.0,2.0,2.0,9.0,2.0,5.0,0.0,0.0,0.0,0.0,0.0,2.4,4.8,22.2,0.0,False
2,158121,Ismail Jakobs,13,1,36.0,0.0,0.0,0.0,1.0,2.0,0.0,4.0,2.0,0.0,0.0,0.0,0.0,0.0,0.0,2.5,5.0,50.0,,False
2,158688,Jesse Randall,4673,1,25.0,0.0,0.0,0.0,0.0,0.0,0.0,2.0,1.0,1.0,1.0,0.0,0.0,0.0,0.0,0.0,0.0,50.0,100.0,False
2,160925,Taha Abdi Ali,5,1,11.0,0.0,0.0,0.0,2.0,0.0,0.0,1.0,1.0,1.0,1.0,0.0,0.0,0.0,0.0,16.364,0.0,100.0,100.0,False
2,161747,Guéla Doué,1501,1,12.0,0.0,0.0,0.0,0.0,0.0,0.0,1.0,0.0,0.0,0.0,0.0,0.0,0.0,0.0,0.0,0.0,0.0,,False
2,161904,Bradley Barcola,2,1,83.0,0.0,0.0,1.0,0.0,2.0,1.0,6.0,5.0,3.0,2.0,0.0,0.0,0.0,0.0,0.0,3.253,83.3,66.7,False
2,161907,Malo Gusto,2,1,10.0,0.0,0.0,0.0,0.0,0.0,0.0,1.0,0.0,0.0,0.0,0.0,0.0,0.0,0.0,0.0,0.0,0.0,,False
2,161921,Giovanni Reyna,2384,1,1.0,0.0,0.0,0.0,0.0,0.0,0.0,0.0,0.0,0.0,0.0,0.0,0.0,0.0,0.0,0.0,0.0,,,False
2,94562,Santiago Giménez,16,1,10.0,0.0,0.0,0.0,0.0,0.0,0.0,3.0,0.0,0.0,0.0,0.0,0.0,0.0,0.0,0.0,0.0,0.0,,False
2,162037,Malik Tillman,2384,1,90.0,0.0,0.0,0.0,2.0,3.0,2.0,16.0,7.0,3.0,1.0,0.0,0.0,0.0,0.0,2.0,5.0,43.8,33.3,True
2,162194,Lukáš Červ,770,1,78.0,0.0,0.0,1.0,0.0,1.0,0.0,6.0,4.0,1.0,1.0,0.0,0.0,0.0,0.0,0.0,1.154,66.7,100.0,False
2,162222,Ivan Bašić,1113,1,27.0,0.0,0.0,0.0,1.0,0.0,0.0,0.0,0.0,0.0,0.0,0.0,0.0,0.0,0.0,3.333,0.0,,,False
2,162733,Ruben Providence,2386,1,71.0,0.0,0.0,1.0,1.0,0.0,0.0,7.0,3.0,4.0,1.0,0.0,0.0,0.0,0.0,1.268,0.0,42.9,25.0,False
2,162891,Juan Sanabria,7,1,93.0,0.0,0.0,0.0,1.0,0.0,0.0,4.0,1.0,0.0,0.0,0.0,0.0,0.0,0.0,0.968,0.0,25.0,,True
2,162964,Robin Hranáč,770,1,98.0,0.0,0.0,0.0,0.0,1.0,1.0,8.0,3.0,0.0,0.0,0.0,0.0,0.0,0.0,0.0,1.837,37.5,,True
2,163032,Fabian Rieder,15,1,71.0,0.0,0.0,0.0,0.0,3.0,1.0,7.0,5.0,0.0,0.0,0.0,0.0,0.0,0.0,0.0,5.07,71.4,,False
2,163068,Omar Rekik,28,1,90.0,0.0,0.0,0.0,1.0,2.0,2.0,5.0,3.0,0.0,0.0,0.0,0.0,0.0,0.0,1.0,4.0,60.0,,True
2,164026,Ali Olwan,1548,1,89.0,0.0,0.0,2.0,2.0,2.0,0.0,17.0,6.0,9.0,2.0,0.0,0.0,0.0,0.0,2.022,2.022,35.3,22.2,False
2,162007,Maxim De Cuyper,1,1,96.0,0.0,0.0,4.0,0.0,0.0,0.0,5.0,3.0,1.0,1.0,0.0,0.0,0.0,0.0,0.0,0.0,60.0,100.0,True
2,129058,Bart Verbruggen,1118,1,90.0,0.0,0.0,0.0,0.0,0.0,0.0,0.0,0.0,0.0,0.0,0.0,0.0,0.0,0.0,0.0,0.0,,,True
2,129678,Azzedine Ounahi,31,1,90.0,0.0,0.0,0.0,2.0,1.0,0.0,6.0,2.0,3.0,0.0,0.0,0.0,0.0,0.0,2.0,1.0,33.3,0.0,True
2,133609,Pedri,9,1,70.0,0.0,0.0,1.0,0.0,0.0,6.0,3.0,0.0,1.0,0.0,0.0,0.0,0.0,0.0,0.0,7.714,0.0,0.0,False
2,134217,Mohammad Mohebi,22,1,66.0,0.0,0.0,0.0,0.0,1.0,1.0,7.0,2.0,0.0,0.0,0.0,0.0,0.0,0.0,0.0,2.727,28.6,,False
2,135059,Amine Ben Hmida,28,1,45.0,0.0,0.0,0.0,0.0,3.0,0.0,3.0,3.0,0.0,0.0,0.0,0.0,0.0,0.0,0.0,6.0,100.0,,False
2,135068,Emmanuel Agbadou,1501,1,94.0,0.0,0.0,0.0,0.0,1.0,2.0,4.0,2.0,0.0,0.0,0.0,0.0,0.0,0.0,0.0,2.872,50.0,,True
2,136880,Saleh Hardani,22,1,45.0,0.0,0.0,0.0,0.0,0.0,1.0,5.0,1.0,1.0,0.0,0.0,0.0,0.0,0.0,0.0,2.0,20.0,0.0,False
2,137303,Evann Guessand,1501,1,19.0,0.0,0.0,0.0,0.0,0.0,0.0,3.0,0.0,1.0,0.0,0.0,0.0,0.0,0.0,0.0,0.0,0.0,0.0,False
2,137721,Gustaf Lagerbielke,5,1,90.0,0.0,0.0,1.0,0.0,8.0,2.0,17.0,12.0,1.0,1.0,0.0,0.0,0.0,0.0,0.0,10.0,70.6,100.0,True
2,152849,Micky van de Ven,1118,1,90.0,0.0,0.0,0.0,1.0,2.0,0.0,7.0,4.0,0.0,0.0,0.0,0.0,0.0,0.0,1.0,2.0,57.1,,True
2,138417,Nathan Patterson,1108,1,89.0,0.0,0.0,0.0,0.0,1.0,2.0,2.0,1.0,1.0,0.0,0.0,0.0,0.0,0.0,0.0,3.034,50.0,0.0,False
2,138804,Matěj Kovář,770,1,98.0,0.0,0.0,0.0,0.0,0.0,0.0,0.0,0.0,0.0,0.0,0.0,0.0,0.0,0.0,0.0,0.0,,,True
2,138835,Folarin Balogun,2384,1,89.0,0.0,0.0,0.0,0.0,0.0,1.0,9.0,3.0,2.0,1.0,0.0,0.0,0.0,0.0,0.0,1.011,33.3,50.0,False
2,138935,Carney Chukwuemeka,775,1,13.0,0.0,0.0,0.0,0.0,0.0,0.0,1.0,1.0,0.0,0.0,0.0,0.0,0.0,0.0,0.0,0.0,100.0,,False
2,140607,Yazeed Abu Laila,1548,1,90.0,0.0,0.0,0.0,0.0,0.0,0.0,2.0,2.0,0.0,0.0,0.0,0.0,0.0,0.0,0.0,0.0,100.0,,True
2,140609,Noor Al-Rawabdeh,1548,1,90.0,0.0,0.0,1.0,0.0,5.0,0.0,11.0,6.0,3.0,1.0,0.0,0.0,0.0,0.0,0.0,5.0,54.5,33.3,True
2,140747,Ibrahim Bayesh,1567,1,69.0,0.0,0.0,0.0,0.0,1.0,0.0,8.0,2.0,0.0,0.0,0.0,0.0,0.0,0.0,0.0,1.304,25.0,,False
2,142959,Kerem Aktürkoğlu,777,1,45.0,0.0,0.0,0.0,2.0,0.0,0.0,2.0,1.0,0.0,0.0,0.0,0.0,0.0,0.0,4.0,0.0,50.0,,False
2,145465,Hussein Ali,1567,1,90.0,0.0,0.0,0.0,0.0,2.0,1.0,6.0,2.0,1.0,0.0,0.0,0.0,0.0,0.0,0.0,3.0,33.3,0.0,True
2,137976,Isak Hien,5,1,90.0,0.0,0.0,0.0,1.0,2.0,0.0,10.0,5.0,0.0,0.0,0.0,0.0,0.0,0.0,1.0,2.0,50.0,,True
2,48648,Dan Ndoye,15,1,71.0,0.0,0.0,3.0,1.0,1.0,0.0,9.0,4.0,2.0,0.0,0.0,0.0,0.0,0.0,1.268,1.268,44.4,0.0,False
2,49424,Aymen Dahmen,28,1,90.0,0.0,0.0,0.0,0.0,0.0,0.0,1.0,1.0,0.0,0.0,0.0,0.0,0.0,0.0,0.0,0.0,100.0,,True
2,49451,Aymen Hussein,1567,1,26.0,0.0,0.0,0.0,0.0,0.0,0.0,5.0,4.0,0.0,0.0,0.0,0.0,0.0,0.0,0.0,0.0,80.0,,False
2,49583,Ali Abdi,28,1,89.0,0.0,0.0,0.0,0.0,4.0,2.0,11.0,7.0,1.0,1.0,0.0,0.0,0.0,0.0,0.0,6.067,63.6,100.0,False
2,49866,Uğurcan Çakır,777,1,90.0,0.0,0.0,0.0,0.0,0.0,0.0,0.0,0.0,0.0,0.0,0.0,0.0,0.0,0.0,0.0,0.0,,,True
2,50006,Amir Hadžiahmetović,1113,1,12.0,0.0,0.0,0.0,0.0,0.0,0.0,0.0,0.0,0.0,0.0,0.0,0.0,0.0,0.0,0.0,0.0,,,False
2,50030,Montassar Talbi,28,1,90.0,0.0,0.0,0.0,0.0,1.0,3.0,6.0,2.0,0.0,0.0,0.0,0.0,0.0,0.0,0.0,4.0,33.3,,True
2,72140,Saleem Obaid,1548,1,1.0,0.0,0.0,0.0,0.0,1.0,0.0,1.0,1.0,0.0,0.0,0.0,0.0,0.0,0.0,0.0,90.0,100.0,,False
2,50270,Ryan Mendes,1533,1,93.0,0.0,0.0,0.0,0.0,0.0,2.0,11.0,4.0,1.0,1.0,0.0,0.0,0.0,0.0,0.0,1.935,36.4,100.0,True
2,50728,Matthew Freese,2384,1,90.0,0.0,0.0,0.0,0.0,0.0,0.0,1.0,1.0,0.0,0.0,0.0,0.0,0.0,0.0,0.0,0.0,100.0,,True
2,50737,Auston Trusty,2384,1,10.0,0.0,0.0,0.0,0.0,1.0,0.0,3.0,2.0,0.0,0.0,0.0,0.0,0.0,0.0,0.0,9.0,66.7,,False
2,50745,Jamiro Monteiro,1533,1,80.0,0.0,0.0,1.0,1.0,0.0,2.0,3.0,1.0,1.0,0.0,0.0,0.0,0.0,0.0,1.125,2.25,33.3,0.0,False
2,50816,Richie Laryea,5529,1,98.0,0.0,0.0,0.0,3.0,0.0,0.0,3.0,3.0,0.0,0.0,0.0,0.0,0.0,0.0,2.755,0.0,100.0,,True
2,50826,Jacob Shaffelburg,5529,1,27.0,0.0,0.0,3.0,1.0,0.0,0.0,2.0,1.0,0.0,0.0,0.0,0.0,0.0,0.0,3.333,0.0,50.0,,False
2,50852,Joe Scally,2384,1,10.0,0.0,0.0,0.0,0.0,0.0,0.0,1.0,1.0,0.0,0.0,0.0,0.0,0.0,0.0,0.0,0.0,100.0,,False
2,50958,Derrick Etienne,2386,1,9.0,0.0,0.0,0.0,2.0,0.0,0.0,0.0,0.0,0.0,0.0,0.0,0.0,0.0,0.0,20.0,0.0,,,False
2,50057,Eren Elmalı,777,1,20.0,0.0,0.0,0.0,1.0,0.0,0.0,5.0,1.0,1.0,1.0,0.0,0.0,0.0,0.0,4.5,0.0,20.0,100.0,False
2,46601,Khuliso Mudau,1531,1,98.0,0.0,0.0,0.0,1.0,3.0,2.0,7.0,4.0,0.0,0.0,0.0,0.0,0.0,0.0,0.918,4.592,57.1,,True
2,46731,Pervis Estupiñán,2382,1,70.0,0.0,0.0,0.0,1.0,3.0,0.0,9.0,3.0,0.0,0.0,0.0,0.0,0.0,0.0,1.286,3.857,33.3,,False
2,46930,Ermedin Demirović,1113,1,86.0,0.0,0.0,0.0,0.0,1.0,0.0,8.0,2.0,2.0,0.0,0.0,0.0,0.0,0.0,0.0,1.047,25.0,0.0,False
2,47254,Mathías Olivera,7,1,93.0,0.0,0.0,0.0,3.0,1.0,1.0,10.0,5.0,2.0,1.0,0.0,0.0,0.0,0.0,2.903,1.935,50.0,50.0,True
2,47270,Unai Simón,9,1,90.0,0.0,0.0,0.0,0.0,0.0,0.0,0.0,0.0,0.0,0.0,0.0,0.0,0.0,0.0,0.0,0.0,,,True
2,47311,Mikel Merino,9,1,29.0,0.0,0.0,0.0,1.0,0.0,0.0,5.0,1.0,1.0,0.0,0.0,0.0,0.0,0.0,3.103,0.0,20.0,0.0,False
2,47380,Marc Cucurella,9,1,90.0,0.0,0.0,1.0,1.0,0.0,1.0,6.0,3.0,1.0,1.0,0.0,0.0,0.0,0.0,1.0,1.0,50.0,100.0,True
2,48497,Cédric Itten,15,1,9.0,0.0,0.0,0.0,0.0,0.0,0.0,1.0,1.0,0.0,0.0,0.0,0.0,0.0,0.0,0.0,0.0,100.0,,False
2,47696,Alexander Bernhardsson,5,1,55.0,0.0,0.0,0.0,1.0,1.0,2.0,6.0,2.0,1.0,0.0,0.0,0.0,0.0,0.0,1.636,4.909,33.3,0.0,False
2,47792,Amir Al-Ammari,1567,1,68.0,0.0,0.0,0.0,0.0,1.0,1.0,5.0,2.0,1.0,1.0,0.0,0.0,0.0,0.0,0.0,2.647,40.0,100.0,False
2,47969,Gabriel Gudmundsson,5,1,89.0,0.0,0.0,0.0,1.0,1.0,0.0,9.0,4.0,3.0,1.0,0.0,0.0,0.0,0.0,1.011,1.011,44.4,33.3,False
2,48002,Benjamin Nygren,5,1,56.0,0.0,0.0,1.0,0.0,0.0,0.0,7.0,1.0,0.0,0.0,0.0,0.0,0.0,0.0,0.0,0.0,14.3,,False
2,48047,Jesper Karlström,5,1,56.0,0.0,0.0,0.0,1.0,2.0,0.0,6.0,4.0,1.0,1.0,0.0,0.0,0.0,0.0,1.607,3.214,66.7,100.0,False
2,48119,Odilon Kossounou,1501,1,94.0,0.0,0.0,0.0,0.0,0.0,3.0,6.0,4.0,1.0,1.0,0.0,0.0,0.0,0.0,0.0,2.872,66.7,100.0,True
2,48129,Aimar Sher,1567,1,22.0,0.0,0.0,0.0,0.0,0.0,0.0,1.0,0.0,0.0,0.0,0.0,0.0,0.0,0.0,0.0,0.0,0.0,,False
2,48378,Silvan Widmer,15,1,86.0,0.0,0.0,0.0,0.0,0.0,0.0,3.0,0.0,0.0,0.0,0.0,0.0,0.0,0.0,0.0,0.0,0.0,,False
2,47519,Pedro Porro,9,1,90.0,0.0,0.0,2.0,3.0,3.0,2.0,5.0,4.0,0.0,0.0,0.0,0.0,0.0,0.0,3.0,5.0,80.0,,True
2,66407,Ladislav Krejčí,770,1,98.0,0.0,0.0,3.0,2.0,4.0,1.0,15.0,11.0,1.0,1.0,0.0,0.0,0.0,0.0,1.837,4.592,73.3,100.0,True
2,69260,Pico,1533,1,93.0,0.0,0.0,1.0,0.0,3.0,0.0,7.0,5.0,0.0,0.0,0.0,0.0,0.0,0.0,0.0,2.903,71.4,,True
2,70670,Isidro Pitta,2380,1,45.0,0.0,0.0,0.0,0.0,0.0,0.0,7.0,0.0,0.0,0.0,0.0,0.0,0.0,0.0,0.0,0.0,0.0,,False
2,70732,José Canale,2380,1,1.0,0.0,0.0,0.0,0.0,1.0,0.0,4.0,1.0,0.0,0.0,0.0,0.0,0.0,0.0,0.0,90.0,25.0,,False
2,70852,Orlando Gill,2380,1,90.0,0.0,0.0,0.0,0.0,0.0,0.0,0.0,0.0,0.0,0.0,0.0,0.0,0.0,0.0,0.0,0.0,,,True
2,72142,Mohammad Abu Zrayq,1548,1,1.0,0.0,0.0,0.0,0.0,0.0,0.0,1.0,0.0,0.0,0.0,0.0,0.0,0.0,0.0,0.0,0.0,0.0,,False
2,73868,Ricardo Pepi,2384,1,74.0,0.0,0.0,1.0,0.0,0.0,1.0,12.0,4.0,1.0,1.0,0.0,0.0,0.0,0.0,0.0,1.216,33.3,100.0,False
2,51016,Tajon Buchanan,5529,1,83.0,0.0,0.0,2.0,2.0,2.0,0.0,13.0,9.0,5.0,4.0,0.0,0.0,0.0,0.0,2.169,2.169,69.2,80.0,False
2,78547,Alistair Johnston,5529,1,98.0,0.0,0.0,1.0,4.0,0.0,2.0,4.0,2.0,1.0,1.0,0.0,0.0,0.0,0.0,3.673,1.837,50.0,100.0,True
2,81573,Omar Marmoush,32,1,76.0,0.0,0.0,2.0,1.0,0.0,0.0,9.0,7.0,3.0,2.0,0.0,0.0,0.0,0.0,1.184,0.0,77.8,66.7,False
2,84087,Wilson Isidor,2386,1,45.0,0.0,0.0,1.0,1.0,0.0,0.0,8.0,2.0,4.0,0.0,0.0,0.0,0.0,0.0,2.0,0.0,25.0,0.0,False
2,87789,Johny Placide,2386,1,90.0,0.0,0.0,0.0,0.0,0.0,0.0,1.0,1.0,0.0,0.0,0.0,0.0,0.0,0.0,0.0,0.0,100.0,,True
2,89982,Shahriar Moghanlou,22,1,17.0,0.0,0.0,0.0,0.0,1.0,0.0,3.0,2.0,0.0,0.0,0.0,0.0,0.0,0.0,0.0,5.294,66.7,,False
2,94322,Callum McCowatt,4673,1,66.0,0.0,0.0,2.0,0.0,0.0,0.0,6.0,2.0,0.0,0.0,0.0,0.0,0.0,0.0,0.0,0.0,33.3,,False
2,94333,Elijah Just,4673,1,85.0,0.0,0.0,1.0,0.0,2.0,0.0,7.0,3.0,3.0,1.0,0.0,0.0,0.0,0.0,0.0,2.118,42.9,33.3,False
2,94405,Francis De Vries,4673,1,16.0,0.0,0.0,0.0,0.0,0.0,0.0,1.0,0.0,0.0,0.0,0.0,0.0,0.0,0.0,0.0,0.0,0.0,,False
2,77037,Jovo Lukić,1113,1,12.0,0.0,0.0,0.0,0.0,0.0,0.0,2.0,1.0,0.0,0.0,0.0,0.0,0.0,0.0,0.0,0.0,50.0,,False
2,51149,Michael Boxall,4673,1,101.0,0.0,0.0,0.0,0.0,1.0,0.0,6.0,3.0,1.0,0.0,0.0,0.0,0.0,0.0,0.0,0.891,50.0,0.0,True
2,51274,Maxime Crépeau,5529,1,98.0,0.0,0.0,0.0,0.0,0.0,0.0,0.0,0.0,0.0,0.0,0.0,0.0,0.0,0.0,0.0,0.0,,,True
2,51295,Derek Cornelius,5529,1,45.0,0.0,0.0,1.0,0.0,0.0,0.0,3.0,1.0,0.0,0.0,0.0,0.0,0.0,0.0,0.0,0.0,33.3,,False
2,51494,Manuel Ugarte,7,1,70.0,0.0,0.0,1.0,2.0,0.0,0.0,6.0,1.0,1.0,0.0,0.0,0.0,0.0,0.0,2.571,0.0,16.7,0.0,False
2,51530,Federico Viñas,7,1,70.0,0.0,0.0,0.0,0.0,0.0,0.0,8.0,5.0,1.0,0.0,0.0,0.0,0.0,0.0,0.0,0.0,62.5,0.0,False
2,51535,Sebastián Cáceres,7,1,93.0,0.0,0.0,0.0,0.0,1.0,0.0,4.0,3.0,0.0,0.0,0.0,0.0,0.0,0.0,0.0,0.968,75.0,,True
2,51617,Darwin Núñez,7,1,23.0,0.0,0.0,0.0,0.0,1.0,0.0,5.0,2.0,2.0,1.0,0.0,0.0,0.0,0.0,0.0,3.913,40.0,50.0,False
2,66387,Pavel Šulc,770,1,43.0,0.0,0.0,0.0,1.0,0.0,0.0,5.0,2.0,1.0,1.0,0.0,0.0,0.0,0.0,2.093,0.0,40.0,100.0,False
2,53900,Yazan Al-Arab,1548,1,90.0,0.0,0.0,0.0,0.0,1.0,1.0,7.0,3.0,1.0,0.0,0.0,0.0,0.0,0.0,0.0,2.0,42.9,0.0,True
2,53902,Ehsan Haddad,1548,1,90.0,0.0,0.0,0.0,0.0,3.0,0.0,9.0,3.0,1.0,0.0,0.0,0.0,0.0,0.0,0.0,3.0,33.3,0.0,True
2,57518,Sebastian Tounekti,28,1,64.0,0.0,0.0,0.0,0.0,0.0,0.0,2.0,0.0,0.0,0.0,0.0,0.0,0.0,0.0,0.0,0.0,0.0,,False
2,61837,Abdülkerim Bardakcı,777,1,86.0,0.0,0.0,0.0,2.0,2.0,0.0,10.0,5.0,0.0,0.0,0.0,0.0,0.0,0.0,2.093,2.093,50.0,,False
2,63274,Barış Alper Yılmaz,777,1,45.0,0.0,0.0,1.0,1.0,0.0,0.0,8.0,3.0,4.0,3.0,0.0,0.0,0.0,0.0,2.0,0.0,37.5,75.0,False
2,64190,Yahia Fofana,1501,1,94.0,0.0,0.0,0.0,0.0,0.0,0.0,2.0,2.0,0.0,0.0,0.0,0.0,0.0,0.0,0.0,0.0,100.0,,True
2,66019,Adam Hložek,770,1,67.0,0.0,0.0,1.0,0.0,1.0,1.0,11.0,2.0,2.0,0.0,0.0,0.0,0.0,0.0,0.0,2.687,18.2,0.0,False
2,66353,Lukáš Provod,770,1,31.0,0.0,0.0,1.0,1.0,1.0,0.0,2.0,1.0,1.0,0.0,0.0,0.0,0.0,0.0,2.903,2.903,50.0,0.0,False
2,51618,Brian Rodríguez,7,1,12.0,0.0,0.0,0.0,1.0,0.0,0.0,3.0,1.0,2.0,1.0,0.0,0.0,0.0,0.0,7.5,0.0,33.3,50.0,False
2,337587,Jordan Bos,20,1,90.0,0.0,0.0,0.0,0.0,1.0,1.0,9.0,4.0,4.0,2.0,0.0,0.0,0.0,0.0,0.0,2.0,44.4,50.0,True
2,338014,Nestory Irankunda,20,1,45.0,0.0,0.0,0.0,1.0,0.0,0.0,7.0,3.0,0.0,0.0,0.0,0.0,0.0,0.0,2.0,0.0,42.9,,False
2,338367,Danley Jean Jacques,2386,1,90.0,0.0,0.0,1.0,0.0,2.0,1.0,6.0,3.0,2.0,0.0,0.0,0.0,0.0,0.0,0.0,3.0,50.0,0.0,True
2,339795,Al-Hashmi Al-Hussain,1569,1,39.0,0.0,0.0,0.0,0.0,3.0,1.0,10.0,5.0,0.0,0.0,0.0,0.0,0.0,0.0,0.0,9.231,50.0,,False
2,339883,Kenan Yıldız,777,1,90.0,0.0,0.0,4.0,4.0,1.0,0.0,17.0,7.0,7.0,4.0,0.0,0.0,0.0,0.0,4.0,1.0,41.2,57.1,True
2,339887,Can Uzun,777,1,30.0,0.0,0.0,2.0,4.0,0.0,0.0,4.0,2.0,3.0,1.0,0.0,0.0,0.0,0.0,12.0,0.0,50.0,33.3,False
2,340077,Matías Fernández-Pardo,1,1,9.0,0.0,0.0,1.0,0.0,0.0,0.0,5.0,2.0,2.0,2.0,0.0,0.0,0.0,0.0,0.0,0.0,40.0,100.0,False
2,340573,Bilal El Khannouss,31,1,84.0,0.0,0.0,2.0,1.0,1.0,0.0,4.0,2.0,1.0,0.0,0.0,0.0,0.0,0.0,1.071,1.071,50.0,0.0,False
2,197985,Young-woo Seol,17,1,71.0,0.0,0.0,1.0,0.0,0.0,0.0,0.0,0.0,0.0,0.0,0.0,0.0,0.0,0.0,0.0,0.0,,,False
2,343027,Désiré Doué,2,1,22.0,0.0,0.0,0.0,0.0,0.0,0.0,0.0,0.0,0.0,0.0,0.0,0.0,0.0,0.0,0.0,0.0,,,False
2,343576,Ben Gannon-Doak,1108,1,36.0,0.0,0.0,0.0,0.0,0.0,0.0,5.0,2.0,2.0,2.0,0.0,0.0,0.0,0.0,0.0,0.0,40.0,100.0,False
2,347316,Lucas Bergvall,5,1,34.0,0.0,0.0,0.0,1.0,1.0,0.0,3.0,2.0,0.0,0.0,0.0,0.0,0.0,0.0,2.647,2.647,66.7,,False
2,348568,Alessandro Circati,20,1,90.0,0.0,0.0,1.0,0.0,3.0,0.0,13.0,10.0,0.0,0.0,0.0,0.0,0.0,0.0,0.0,3.0,76.9,,True
2,349344,Luca Jaquez,15,1,12.0,0.0,0.0,0.0,0.0,0.0,0.0,1.0,1.0,0.0,0.0,0.0,0.0,0.0,0.0,0.0,0.0,100.0,,False
2,350850,Besfort Zeneli,5,1,34.0,0.0,0.0,1.0,0.0,1.0,0.0,2.0,1.0,0.0,0.0,0.0,0.0,0.0,0.0,0.0,2.647,50.0,,False
2,351014,Junnosuke Suzuki,12,1,17.0,0.0,0.0,0.0,0.0,1.0,1.0,1.0,1.0,0.0,0.0,0.0,0.0,0.0,0.0,0.0,10.588,100.0,,False
2,351587,Tani Oluwaseyi,5529,1,27.0,0.0,0.0,0.0,0.0,0.0,0.0,5.0,1.0,0.0,0.0,0.0,0.0,0.0,0.0,0.0,0.0,20.0,,False
2,342035,Cristian Volpato,20,1,29.0,0.0,0.0,1.0,1.0,0.0,0.0,9.0,6.0,5.0,5.0,0.0,0.0,0.0,0.0,3.103,0.0,66.7,100.0,False
2,309763,Livano Comenencia,5530,1,84.0,0.0,0.0,3.0,0.0,0.0,2.0,6.0,0.0,2.0,0.0,0.0,0.0,0.0,0.0,0.0,2.143,0.0,0.0,False
2,310196,Ismael Gharbi,28,1,45.0,0.0,0.0,0.0,0.0,0.0,1.0,7.0,2.0,1.0,0.0,0.0,0.0,0.0,0.0,0.0,2.0,28.6,0.0,False
2,310785,Mohannad Abu Taha,1548,1,85.0,0.0,0.0,0.0,2.0,7.0,1.0,17.0,11.0,3.0,2.0,0.0,0.0,0.0,0.0,2.118,8.471,64.7,66.7,False
2,310835,Abdallah Nasib,1548,1,90.0,0.0,0.0,0.0,0.0,3.0,0.0,7.0,6.0,0.0,0.0,0.0,0.0,0.0,0.0,0.0,3.0,85.7,,True
2,311543,Nilson Angulo,2382,1,26.0,0.0,0.0,1.0,1.0,0.0,1.0,4.0,2.0,4.0,2.0,0.0,0.0,0.0,0.0,3.462,3.462,50.0,50.0,False
2,312459,Nishan Velupillay,20,1,45.0,0.0,0.0,0.0,1.0,2.0,0.0,7.0,2.0,3.0,0.0,0.0,0.0,0.0,0.0,2.0,4.0,28.6,0.0,False
2,312964,Nathan Ngoy,1,1,66.0,0.0,0.0,1.0,0.0,2.0,0.0,6.0,4.0,0.0,0.0,0.0,0.0,0.0,0.0,0.0,2.727,66.7,,False
2,313383,Obed Vargas,16,1,19.0,0.0,0.0,1.0,0.0,0.0,0.0,1.0,0.0,1.0,0.0,0.0,0.0,0.0,0.0,0.0,0.0,0.0,0.0,False
2,336659,Chemsdine Talbi,31,1,12.0,0.0,0.0,1.0,1.0,0.0,0.0,0.0,0.0,0.0,0.0,0.0,0.0,0.0,0.0,7.5,0.0,,,False
2,315099,Mohammad Ali Hasheesh,1548,1,13.0,0.0,0.0,0.0,0.0,2.0,0.0,2.0,2.0,0.0,0.0,0.0,0.0,0.0,0.0,0.0,13.846,100.0,,False
2,322101,Amar Memić,1113,1,90.0,0.0,0.0,1.0,0.0,2.0,0.0,10.0,5.0,3.0,1.0,0.0,0.0,0.0,0.0,0.0,2.0,50.0,33.3,True
2,323974,Elias Saad,28,1,45.0,0.0,0.0,0.0,0.0,0.0,0.0,6.0,1.0,1.0,0.0,0.0,0.0,0.0,0.0,0.0,0.0,16.7,0.0,False
2,326067,Anis Hadj Moussa,1532,1,14.0,0.0,0.0,0.0,2.0,0.0,1.0,5.0,1.0,5.0,1.0,0.0,0.0,0.0,0.0,12.857,6.429,20.0,20.0,False
2,327738,Luc De Fougerolles,5529,1,71.0,0.0,0.0,0.0,2.0,0.0,1.0,2.0,1.0,0.0,0.0,0.0,0.0,0.0,0.0,2.535,1.268,50.0,,False
2,327895,Paul Wanner,775,1,68.0,0.0,0.0,1.0,1.0,1.0,1.0,16.0,5.0,7.0,1.0,0.0,0.0,0.0,0.0,1.324,2.647,31.2,14.3,False
2,328033,Aleksandar Pavlović,25,1,60.0,0.0,0.0,0.0,1.0,0.0,0.0,4.0,1.0,0.0,0.0,0.0,0.0,0.0,0.0,1.5,0.0,25.0,,False
2,328046,Ismael Koné,5529,1,57.0,0.0,0.0,0.0,1.0,1.0,1.0,7.0,4.0,1.0,1.0,0.0,0.0,0.0,0.0,1.579,3.158,57.1,100.0,False
2,329409,Esmir Bajraktarević,1113,1,26.0,0.0,0.0,0.0,0.0,0.0,1.0,3.0,0.0,0.0,0.0,0.0,0.0,0.0,0.0,0.0,3.462,0.0,,False
2,314511,Antonio Nusa,1090,1,71.0,0.0,0.0,1.0,1.0,0.0,1.0,2.0,0.0,1.0,0.0,0.0,0.0,0.0,0.0,1.268,1.268,0.0,0.0,False
2,414149,Relebohile Mofokeng,1531,1,53.0,0.0,0.0,1.0,1.0,0.0,0.0,5.0,0.0,0.0,0.0,0.0,0.0,0.0,0.0,1.698,0.0,0.0,,False
2,415431,Samir El Mourabet,31,1,6.0,0.0,0.0,0.0,2.0,0.0,0.0,0.0,0.0,0.0,0.0,0.0,0.0,0.0,0.0,30.0,0.0,,,False
2,425020,Alexandro Maidana,2380,1,9.0,0.0,0.0,0.0,0.0,0.0,0.0,0.0,0.0,0.0,0.0,0.0,0.0,0.0,0.0,0.0,0.0,,,False
2,430835,Tyler Bindon,4673,1,16.0,0.0,0.0,1.0,0.0,0.0,0.0,4.0,2.0,1.0,1.0,0.0,0.0,0.0,0.0,0.0,0.0,50.0,100.0,False
2,438688,Ayyoub Bouaddi,31,1,96.0,0.0,0.0,0.0,0.0,1.0,1.0,3.0,1.0,0.0,0.0,0.0,0.0,0.0,0.0,0.0,1.875,33.3,,True
2,441269,Paul Okon-Engstler,20,1,78.0,0.0,0.0,0.0,0.0,1.0,1.0,12.0,5.0,0.0,0.0,0.0,0.0,0.0,0.0,0.0,2.308,41.7,,False
2,446249,Ibrahim Mbaye,13,1,36.0,0.0,0.0,0.0,2.0,0.0,0.0,5.0,5.0,1.0,1.0,0.0,0.0,0.0,0.0,5.0,0.0,100.0,100.0,False
2,453073,Akam Hashem,1567,1,90.0,0.0,0.0,0.0,0.0,1.0,2.0,3.0,2.0,1.0,1.0,0.0,0.0,0.0,0.0,0.0,3.0,66.7,100.0,True
2,353808,Deveron Fonville,5530,1,76.0,0.0,0.0,0.0,1.0,2.0,1.0,8.0,4.0,3.0,1.0,0.0,0.0,0.0,0.0,1.184,3.553,50.0,33.3,False
2,492980,Odeh Fakhoury,1548,1,14.0,0.0,0.0,0.0,0.0,0.0,0.0,1.0,0.0,0.0,0.0,0.0,0.0,0.0,0.0,0.0,0.0,0.0,,False
2,510799,Mbekezeli Mbokazi,1531,1,98.0,0.0,0.0,1.0,0.0,2.0,1.0,12.0,6.0,2.0,0.0,0.0,0.0,0.0,0.0,0.0,2.755,50.0,0.0,True
2,513776,Yan Diomande,1501,1,85.0,0.0,0.0,1.0,2.0,3.0,1.0,16.0,8.0,7.0,3.0,0.0,0.0,0.0,0.0,2.118,4.235,50.0,42.9,False
2,535046,Ayoube Amaimouni Echghouyab,31,1,12.0,0.0,0.0,1.0,0.0,0.0,0.0,5.0,1.0,4.0,1.0,0.0,0.0,0.0,0.0,0.0,0.0,20.0,25.0,False
2,542541,Yusuf Abdurisag,1569,1,40.0,0.0,0.0,0.0,0.0,1.0,1.0,4.0,1.0,0.0,0.0,0.0,0.0,0.0,0.0,0.0,4.5,25.0,,False
2,543035,Husam Ali Mohammad Abudahab,1548,1,89.0,0.0,0.0,0.0,1.0,3.0,0.0,11.0,7.0,0.0,0.0,0.0,0.0,0.0,0.0,1.011,3.034,63.6,,False
2,550547,Hamza Abdelkarim,32,1,25.0,0.0,0.0,0.0,0.0,0.0,0.0,3.0,1.0,0.0,0.0,0.0,0.0,0.0,0.0,0.0,0.0,33.3,,False
2,575283,Ali Al Azaizah,1548,1,14.0,0.0,0.0,0.0,0.0,1.0,0.0,3.0,1.0,0.0,0.0,0.0,0.0,0.0,0.0,0.0,6.429,33.3,,False
2,474591,Christ Inao Oulaï,1501,1,94.0,0.0,0.0,1.0,1.0,4.0,2.0,14.0,10.0,5.0,5.0,0.0,0.0,0.0,0.0,0.957,5.745,71.4,100.0,True
2,353883,Patrick Beach,20,1,90.0,0.0,0.0,0.0,0.0,0.0,0.0,1.0,0.0,0.0,0.0,0.0,0.0,0.0,0.0,0.0,0.0,0.0,,True
2,354831,Thapelo Maseko,1531,1,84.0,0.0,0.0,1.0,0.0,1.0,1.0,12.0,6.0,3.0,2.0,0.0,0.0,0.0,0.0,0.0,2.143,50.0,66.7,False
2,359561,Kamogelo Sebelebele,1531,1,14.0,0.0,0.0,0.0,0.0,0.0,0.0,4.0,0.0,2.0,0.0,0.0,0.0,0.0,0.0,0.0,0.0,0.0,0.0,False
2,361966,Kevin Rodriguez,2382,1,51.0,0.0,0.0,4.0,3.0,1.0,0.0,7.0,4.0,0.0,0.0,0.0,0.0,0.0,0.0,5.294,1.765,57.1,,False
2,362145,Ali Ahmed,5529,1,71.0,0.0,0.0,1.0,2.0,2.0,2.0,6.0,3.0,3.0,0.0,0.0,0.0,0.0,0.0,2.535,5.07,50.0,0.0,False
2,366516,Issa Laye,1569,1,98.0,0.0,0.0,0.0,0.0,1.0,0.0,6.0,4.0,0.0,0.0,0.0,0.0,0.0,0.0,0.0,0.918,66.7,,True
2,374058,Lamine Camara,13,1,63.0,0.0,0.0,2.0,1.0,1.0,2.0,6.0,3.0,0.0,0.0,0.0,0.0,0.0,0.0,1.429,4.286,50.0,,False
2,375930,Keisuke Goto,12,1,13.0,0.0,0.0,0.0,0.0,1.0,0.0,2.0,2.0,0.0,0.0,0.0,0.0,0.0,0.0,0.0,6.923,100.0,,False
2,409303,El Hadji Malick Diouf,13,1,54.0,0.0,0.0,0.0,0.0,1.0,0.0,9.0,2.0,1.0,1.0,0.0,0.0,0.0,0.0,0.0,1.667,22.2,100.0,False
2,377930,Ayoub Al Oui,1569,1,98.0,0.0,0.0,0.0,0.0,1.0,2.0,2.0,2.0,0.0,0.0,0.0,0.0,0.0,0.0,0.0,2.755,100.0,,True
2,221,Eloy Room,5530,1,96.0,0.0,0.0,0.0,0.0,0.0,0.0,0.0,0.0,0.0,0.0,0.0,0.0,0.0,0.0,0.0,0.0,,,True
2,388570,Deniz Gül,777,1,30.0,0.0,0.0,2.0,0.0,0.0,0.0,2.0,0.0,0.0,0.0,0.0,0.0,0.0,0.0,0.0,0.0,0.0,,False
2,395559,Kerim Alajbegović,1113,1,89.0,0.0,0.0,0.0,2.0,0.0,1.0,7.0,2.0,2.0,1.0,0.0,0.0,0.0,0.0,2.022,1.011,28.6,50.0,False
2,396623,Pau Cubarsí,9,1,90.0,0.0,0.0,0.0,2.0,0.0,2.0,3.0,1.0,0.0,0.0,0.0,0.0,0.0,0.0,2.0,2.0,33.3,,True
2,403087,Mohammed Abu Al-Shamat,23,1,30.0,0.0,0.0,0.0,0.0,3.0,0.0,6.0,4.0,0.0,0.0,0.0,0.0,0.0,0.0,0.0,9.0,66.7,,False
2,406752,Ime Okon,1531,1,98.0,0.0,0.0,0.0,0.0,1.0,1.0,3.0,3.0,0.0,0.0,0.0,0.0,0.0,0.0,0.0,1.837,100.0,,True
2,407017,Moise Bombito,5529,1,53.0,0.0,0.0,0.0,0.0,0.0,0.0,1.0,0.0,0.0,0.0,0.0,0.0,0.0,0.0,0.0,0.0,0.0,,False
2,407806,Rayan,6,1,50.0,0.0,0.0,0.0,1.0,0.0,1.0,5.0,2.0,1.0,0.0,0.0,0.0,0.0,0.0,1.8,1.8,40.0,0.0,False
2,377122,Endrick,6,1,26.0,0.0,0.0,0.0,0.0,1.0,0.0,4.0,2.0,0.0,0.0,0.0,0.0,0.0,0.0,0.0,3.462,50.0,,False
2,46334,Aubrey Modiba,1531,1,98.0,0.0,0.0,2.0,2.0,6.0,1.0,8.0,7.0,0.0,0.0,0.0,0.0,0.0,0.0,1.837,6.429,87.5,,True
2,198352,Mohamed Touré,20,1,45.0,0.0,0.0,1.0,0.0,1.0,0.0,5.0,2.0,0.0,0.0,0.0,0.0,0.0,0.0,0.0,2.0,40.0,,False
2,199143,Yuito Suzuki,12,1,11.0,0.0,0.0,0.0,0.0,0.0,0.0,1.0,0.0,0.0,0.0,0.0,0.0,0.0,0.0,0.0,0.0,0.0,,False
2,199310,Anis Ben Slimane,28,1,90.0,0.0,0.0,0.0,0.0,2.0,1.0,5.0,3.0,1.0,0.0,0.0,0.0,0.0,0.0,0.0,3.0,60.0,0.0,True
2,199578,Zion Suzuki,12,1,90.0,0.0,0.0,0.0,0.0,0.0,0.0,1.0,1.0,0.0,0.0,0.0,0.0,0.0,0.0,0.0,0.0,100.0,,True
2,200981,Jassem Gaber Abdulsallam,1569,1,45.0,0.0,0.0,0.0,0.0,2.0,0.0,3.0,2.0,0.0,0.0,0.0,0.0,0.0,0.0,0.0,4.0,66.7,,False
2,201354,Evidence Makgopa,1531,1,32.0,0.0,0.0,2.0,0.0,0.0,0.0,7.0,3.0,1.0,1.0,0.0,0.0,0.0,0.0,0.0,0.0,42.9,100.0,False
2,201713,Sebastian Berhalter,2384,1,16.0,0.0,0.0,0.0,0.0,0.0,0.0,3.0,2.0,0.0,0.0,0.0,0.0,0.0,0.0,0.0,0.0,66.7,,False
2,309182,Gilson Tavares,1533,1,58.0,0.0,0.0,0.0,0.0,0.0,0.0,7.0,2.0,1.0,1.0,0.0,0.0,0.0,0.0,0.0,0.0,28.6,100.0,False
2,203224,Florian Wirtz,25,1,94.0,0.0,0.0,1.0,2.0,2.0,1.0,15.0,5.0,4.0,2.0,0.0,0.0,0.0,0.0,1.915,2.872,33.3,50.0,True
2,204043,Arthur Theate,1,1,23.0,0.0,0.0,0.0,1.0,0.0,0.0,1.0,1.0,0.0,0.0,0.0,0.0,0.0,0.0,3.913,0.0,100.0,,False
2,212233,Brian Gutiérrez,16,1,71.0,0.0,0.0,1.0,1.0,1.0,1.0,3.0,3.0,0.0,0.0,0.0,0.0,0.0,0.0,1.268,2.535,100.0,,False
2,214463,İsmail Yüksek,777,1,60.0,0.0,0.0,2.0,0.0,4.0,2.0,12.0,5.0,2.0,1.0,0.0,0.0,0.0,0.0,0.0,9.0,41.7,50.0,False
2,226765,Elliot Stroud,5,1,1.0,0.0,0.0,0.0,1.0,0.0,0.0,0.0,0.0,0.0,0.0,0.0,0.0,0.0,0.0,90.0,0.0,,,False
2,229112,Ahmed Qasem,1567,1,90.0,0.0,0.0,0.0,1.0,0.0,0.0,8.0,3.0,1.0,1.0,0.0,0.0,0.0,0.0,1.0,0.0,37.5,100.0,True
2,237050,Ji-sung Eom,17,1,19.0,0.0,0.0,0.0,1.0,0.0,0.0,2.0,2.0,0.0,0.0,0.0,0.0,0.0,0.0,4.737,0.0,100.0,,False
2,237078,Pedro Vite,2382,1,96.0,0.0,0.0,2.0,6.0,2.0,0.0,13.0,5.0,2.0,0.0,0.0,0.0,0.0,0.0,5.625,1.875,38.5,0.0,True
2,202381,Moteb Al-Harbi,23,1,90.0,0.0,0.0,0.0,0.0,0.0,3.0,5.0,1.0,2.0,0.0,0.0,0.0,0.0,0.0,0.0,3.0,20.0,0.0,True
2,174915,Josué Casimir,2386,1,62.0,0.0,0.0,0.0,0.0,0.0,0.0,4.0,1.0,1.0,1.0,0.0,0.0,0.0,0.0,0.0,0.0,25.0,100.0,False
2,175439,Homam Al-Amin,1569,1,33.0,0.0,0.0,0.0,1.0,0.0,2.0,6.0,0.0,0.0,0.0,0.0,0.0,0.0,0.0,2.727,5.455,0.0,,False
2,179856,Benjamin Old,4673,1,35.0,0.0,0.0,0.0,0.0,0.0,0.0,2.0,1.0,1.0,0.0,0.0,0.0,0.0,0.0,0.0,0.0,50.0,0.0,False
2,179862,Marko Stamenić,4673,1,101.0,0.0,0.0,1.0,3.0,2.0,2.0,8.0,3.0,2.0,0.0,0.0,0.0,0.0,0.0,2.673,3.564,37.5,0.0,True
2,179893,Oswin Appollis,1531,1,98.0,0.0,0.0,0.0,0.0,2.0,0.0,6.0,5.0,2.0,2.0,0.0,0.0,0.0,0.0,0.0,1.837,83.3,100.0,True
2,180560,Hannibal Mejbri,28,1,90.0,0.0,0.0,1.0,0.0,1.0,0.0,16.0,8.0,1.0,0.0,0.0,0.0,0.0,0.0,0.0,1.0,50.0,0.0,True
2,181812,Jamal Musiala,25,1,60.0,0.0,0.0,1.0,1.0,2.0,0.0,11.0,6.0,4.0,2.0,0.0,0.0,0.0,0.0,1.5,3.0,54.5,50.0,False
2,182219,Alex Baena,9,1,61.0,0.0,0.0,1.0,2.0,0.0,1.0,3.0,0.0,1.0,0.0,0.0,0.0,0.0,0.0,2.951,1.475,0.0,0.0,False
2,197933,Ahmed Basil,1567,1,90.0,0.0,0.0,0.0,0.0,0.0,0.0,0.0,0.0,0.0,0.0,0.0,0.0,0.0,0.0,0.0,0.0,,,True
2,184226,Yéremy Pino,9,1,45.0,0.0,0.0,0.0,0.0,0.0,0.0,4.0,0.0,2.0,0.0,0.0,0.0,0.0,0.0,0.0,0.0,0.0,0.0,False
2,190575,Marwan Attia,32,1,101.0,0.0,0.0,0.0,2.0,0.0,0.0,1.0,0.0,0.0,0.0,0.0,0.0,0.0,0.0,1.782,0.0,0.0,,True
2,190747,Martin Expérience,2386,1,90.0,0.0,0.0,0.0,0.0,4.0,1.0,14.0,7.0,0.0,0.0,0.0,0.0,0.0,0.0,0.0,5.0,50.0,,True
2,194242,Dominique Simon,2386,1,45.0,0.0,0.0,1.0,0.0,2.0,1.0,5.0,3.0,1.0,0.0,0.0,0.0,0.0,0.0,0.0,6.0,60.0,0.0,False
2,194430,Thalente Mbatha,1531,1,98.0,0.0,0.0,0.0,0.0,3.0,1.0,6.0,3.0,0.0,0.0,0.0,0.0,0.0,0.0,0.0,3.673,50.0,,True
2,195067,Jearl Margaritha,5530,1,20.0,0.0,0.0,0.0,0.0,0.0,0.0,3.0,0.0,1.0,0.0,0.0,0.0,0.0,0.0,0.0,0.0,0.0,0.0,False
2,195107,Damián Bobadilla,2380,1,45.0,0.0,0.0,0.0,0.0,2.0,0.0,4.0,3.0,0.0,0.0,0.0,0.0,0.0,0.0,0.0,4.0,75.0,,False
2,195992,Juan Cáceres,2380,1,81.0,0.0,0.0,1.0,1.0,9.0,1.0,24.0,17.0,3.0,2.0,0.0,0.0,0.0,0.0,1.111,11.111,70.8,66.7,False
2,196343,Mohamed Abdelmonem,32,1,2.0,0.0,0.0,0.0,0.0,0.0,0.0,0.0,0.0,0.0,0.0,0.0,0.0,0.0,0.0,0.0,0.0,,,False
2,183799,Nico Williams,9,1,29.0,0.0,0.0,0.0,0.0,0.0,0.0,3.0,0.0,1.0,0.0,0.0,0.0,0.0,0.0,0.0,0.0,0.0,0.0,False
2,278133,Oscar Bobb,1090,1,17.0,0.0,0.0,1.0,0.0,0.0,0.0,0.0,0.0,0.0,0.0,0.0,0.0,0.0,0.0,0.0,0.0,,,False
2,278370,Diego Gómez,2380,1,67.0,0.0,0.0,1.0,0.0,2.0,1.0,16.0,7.0,2.0,1.0,0.0,0.0,0.0,0.0,0.0,4.03,43.8,50.0,False
2,278898,Chadi Riad,31,1,96.0,0.0,0.0,0.0,0.0,0.0,0.0,2.0,2.0,0.0,0.0,0.0,0.0,0.0,0.0,0.0,0.0,100.0,,True
2,280074,Nathaniel Brown,25,1,94.0,0.0,0.0,1.0,0.0,6.0,1.0,7.0,6.0,0.0,0.0,0.0,0.0,0.0,0.0,0.0,6.702,85.7,,True
2,282065,Youssef Amyn,1567,1,30.0,0.0,0.0,0.0,0.0,1.0,0.0,3.0,1.0,1.0,0.0,0.0,0.0,0.0,0.0,0.0,3.0,33.3,0.0,False
2,283174,Mohamed Naceur Almanai,1569,1,53.0,0.0,0.0,0.0,0.0,1.0,1.0,3.0,1.0,0.0,0.0,0.0,0.0,0.0,0.0,0.0,3.396,33.3,,False
2,284295,Zidane Iqbal,1567,1,90.0,0.0,0.0,0.0,1.0,3.0,1.0,9.0,5.0,2.0,1.0,0.0,0.0,0.0,0.0,1.0,4.0,55.6,50.0,True
2,291964,Arda Güler,777,1,90.0,0.0,0.0,1.0,3.0,1.0,1.0,10.0,7.0,0.0,0.0,0.0,0.0,0.0,0.0,3.0,2.0,70.0,,True
2,237129,Pape Matar Sarr,13,1,18.0,0.0,0.0,1.0,0.0,0.0,0.0,1.0,0.0,0.0,0.0,0.0,0.0,0.0,0.0,0.0,0.0,0.0,,False
2,299813,Ali Al-Hamadi,1567,1,64.0,0.0,0.0,2.0,0.0,0.0,0.0,11.0,6.0,2.0,1.0,0.0,0.0,0.0,0.0,0.0,0.0,54.5,50.0,False
2,301528,Andreas Schjelderup,1090,1,19.0,0.0,0.0,0.0,1.0,0.0,0.0,5.0,1.0,1.0,1.0,0.0,0.0,0.0,0.0,4.737,0.0,20.0,100.0,False
2,301771,Simon Adingra,1501,1,19.0,0.0,0.0,0.0,1.0,0.0,0.0,2.0,0.0,1.0,0.0,0.0,0.0,0.0,0.0,4.737,0.0,0.0,0.0,False
2,303362,Rafik Belghali,1532,1,90.0,0.0,0.0,0.0,1.0,0.0,0.0,8.0,1.0,4.0,1.0,0.0,0.0,0.0,0.0,1.0,0.0,12.5,25.0,True
2,304951,Gi-Hyuk Lee,17,1,90.0,0.0,0.0,0.0,0.0,2.0,0.0,8.0,4.0,0.0,0.0,0.0,0.0,0.0,0.0,0.0,2.0,50.0,,True
2,304958,Yang Hyun-Jun,17,1,19.0,0.0,0.0,1.0,0.0,3.0,1.0,5.0,3.0,1.0,0.0,0.0,0.0,0.0,0.0,0.0,18.947,60.0,0.0,False
2,306380,Musab Al Juwayr,23,1,45.0,0.0,0.0,0.0,1.0,2.0,0.0,6.0,3.0,1.0,0.0,0.0,0.0,0.0,0.0,2.0,4.0,50.0,0.0,False
2,308689,Sidny Lopes Cabral,1533,1,93.0,0.0,0.0,1.0,0.0,2.0,1.0,15.0,10.0,3.0,1.0,0.0,0.0,0.0,0.0,0.0,2.903,66.7,33.3,True
2,296373,Zaid Tahseen,1567,1,60.0,0.0,0.0,0.0,0.0,1.0,0.0,1.0,1.0,0.0,0.0,0.0,0.0,0.0,0.0,0.0,1.5,100.0,,False
2,237218,Han-Beom Lee,17,1,90.0,0.0,0.0,1.0,0.0,1.0,1.0,12.0,7.0,0.0,0.0,0.0,0.0,0.0,0.0,0.0,2.0,58.3,,True
2,264094,Benjamin Tahirović,1113,1,63.0,0.0,0.0,0.0,0.0,0.0,2.0,4.0,0.0,0.0,0.0,0.0,0.0,0.0,0.0,0.0,2.857,0.0,,False
2,265448,Marko Farji,1567,1,21.0,0.0,0.0,0.0,1.0,0.0,0.0,2.0,2.0,1.0,1.0,0.0,0.0,0.0,0.0,4.286,0.0,100.0,100.0,False
2,265556,Telmo Arcanjo,1533,1,45.0,0.0,0.0,0.0,0.0,0.0,0.0,3.0,1.0,0.0,0.0,0.0,0.0,0.0,0.0,0.0,0.0,33.3,,False
2,265782,David Møller Wolfe,1090,1,90.0,0.0,0.0,0.0,0.0,1.0,1.0,6.0,3.0,1.0,1.0,0.0,0.0,0.0,0.0,0.0,2.0,50.0,100.0,True
2,265820,Yasin Ayari,5,1,79.0,0.0,0.0,4.0,0.0,1.0,0.0,13.0,6.0,3.0,1.0,0.0,0.0,0.0,0.0,0.0,1.139,46.2,33.3,False
2,266345,Erik Lira,16,1,90.0,0.0,0.0,0.0,0.0,2.0,0.0,9.0,3.0,1.0,1.0,0.0,0.0,0.0,0.0,0.0,2.0,33.3,100.0,True
2,268710,Jayden Adams,1531,1,45.0,0.0,0.0,0.0,1.0,0.0,1.0,1.0,0.0,0.0,0.0,0.0,0.0,0.0,0.0,2.0,2.0,0.0,,False
2,277003,Neil El Aynaoui,31,1,96.0,0.0,0.0,1.0,1.0,5.0,3.0,10.0,5.0,1.0,0.0,0.0,0.0,0.0,0.0,0.938,7.5,50.0,0.0,True
2,269621,Hossam Abdelmaguid,32,1,14.0,0.0,0.0,0.0,0.0,0.0,0.0,3.0,2.0,0.0,0.0,0.0,0.0,0.0,0.0,0.0,0.0,66.7,,False
2,270774,Raúl Rangel,16,1,90.0,0.0,0.0,0.0,0.0,0.0,0.0,1.0,1.0,0.0,0.0,0.0,0.0,0.0,0.0,0.0,0.0,100.0,,True
2,271350,Tarik Muharemović,1113,1,80.0,0.0,0.0,0.0,0.0,0.0,3.0,6.0,3.0,0.0,0.0,0.0,0.0,0.0,0.0,0.0,3.375,50.0,,False
2,271444,Merchas Doski,1567,1,90.0,0.0,0.0,0.0,1.0,4.0,3.0,12.0,6.0,1.0,0.0,0.0,0.0,0.0,0.0,1.0,7.0,50.0,0.0,True
2,271539,Jaouen Hadjam,1532,1,13.0,0.0,0.0,0.0,0.0,0.0,0.0,2.0,1.0,2.0,1.0,0.0,0.0,0.0,0.0,0.0,0.0,50.0,50.0,False
2,274300,Maghnes Akliouche,2,1,10.0,0.0,0.0,0.0,0.0,1.0,0.0,1.0,1.0,0.0,0.0,0.0,0.0,0.0,0.0,0.0,9.0,100.0,,False
2,275170,Danilo Santos,6,1,9.0,0.0,0.0,0.0,0.0,1.0,0.0,1.0,1.0,0.0,0.0,0.0,0.0,0.0,0.0,0.0,10.0,100.0,,False
2,275651,Ange-Yoan Bonny,1501,1,75.0,0.0,0.0,1.0,0.0,1.0,0.0,7.0,3.0,0.0,0.0,0.0,0.0,0.0,0.0,0.0,1.2,42.9,,False
2,276670,Farès Chaïbi,1532,1,90.0,0.0,0.0,1.0,1.0,2.0,2.0,8.0,5.0,0.0,0.0,0.0,0.0,0.0,0.0,1.0,4.0,62.5,,True
2,269174,Mostafa Shobeir,32,1,101.0,0.0,0.0,0.0,0.0,0.0,0.0,5.0,5.0,0.0,0.0,0.0,0.0,0.0,0.0,0.0,0.0,100.0,,True
2,2472,Rodrigo De Paul,26,1,82.0,0.0,0.0,0.0,0.0,1.0,0.0,2.0,2.0,0.0,0.0,0.0,0.0,0.0,0.0,0.0,1.098,100.0,,False
2,2499,Junior Alonso,2380,1,90.0,0.0,0.0,0.0,0.0,2.0,0.0,7.0,4.0,1.0,0.0,0.0,0.0,0.0,0.0,0.0,2.0,57.1,0.0,True
2,2502,Gustavo Gómez,2380,1,90.0,0.0,0.0,0.0,0.0,0.0,0.0,6.0,5.0,0.0,0.0,0.0,0.0,0.0,0.0,0.0,0.0,83.3,,True
2,2507,Miguel Almirón,2380,1,48.0,0.0,0.0,0.0,0.0,3.0,0.0,9.0,6.0,3.0,2.0,0.0,0.0,0.0,0.0,0.0,5.625,66.7,66.7,False
2,2530,Pedro Miguel,1569,1,98.0,0.0,0.0,0.0,0.0,1.0,1.0,5.0,4.0,1.0,1.0,0.0,0.0,0.0,0.0,0.0,1.837,80.0,100.0,True
2,2532,Boualem Khoukhi,1569,1,98.0,0.0,0.0,0.0,0.0,2.0,1.0,8.0,6.0,0.0,0.0,0.0,0.0,0.0,0.0,0.0,2.755,75.0,,True
2,2535,Assim Madibo,1569,1,53.0,0.0,0.0,0.0,0.0,1.0,1.0,5.0,1.0,1.0,0.0,0.0,0.0,0.0,0.0,0.0,3.396,20.0,0.0,False
2,2539,Ahmed Fathi,1569,1,42.0,0.0,0.0,0.0,0.0,0.0,1.0,2.0,1.0,0.0,0.0,0.0,0.0,0.0,0.0,0.0,2.143,50.0,,False
2,42207,Mahmud Abunada,1569,1,98.0,0.0,0.0,0.0,0.0,0.0,0.0,0.0,0.0,0.0,0.0,0.0,0.0,0.0,0.0,0.0,0.0,,,True
2,2583,Ángelo Preciado,2382,1,13.0,0.0,0.0,0.0,0.0,0.0,0.0,3.0,2.0,1.0,1.0,0.0,0.0,0.0,0.0,0.0,0.0,66.7,100.0,False
2,2597,Takehiro Tomiyasu,12,1,79.0,0.0,0.0,1.0,0.0,1.0,1.0,7.0,4.0,0.0,0.0,0.0,0.0,0.0,0.0,0.0,2.278,57.1,,False
2,2598,Ritsu Doan,12,1,74.0,0.0,0.0,0.0,0.0,1.0,0.0,5.0,3.0,2.0,0.0,0.0,0.0,0.0,0.0,0.0,1.216,60.0,0.0,False
2,2649,Ahmed Fatouh,32,1,101.0,0.0,0.0,1.0,1.0,3.0,2.0,8.0,6.0,1.0,1.0,0.0,0.0,0.0,0.0,0.891,4.455,75.0,100.0,True
2,2682,Alireza Beiranvand,22,1,96.0,0.0,0.0,0.0,0.0,0.0,0.0,2.0,2.0,1.0,1.0,0.0,0.0,0.0,0.0,0.0,0.0,100.0,100.0,True
2,2685,Ehsan Hajsafi,22,1,66.0,0.0,0.0,0.0,0.0,0.0,1.0,2.0,0.0,0.0,0.0,0.0,0.0,0.0,0.0,0.0,1.364,0.0,,False
2,2687,Hossein Kanaani,22,1,96.0,0.0,0.0,1.0,1.0,0.0,2.0,2.0,1.0,0.0,0.0,0.0,0.0,0.0,0.0,0.938,1.875,50.0,,True
2,2688,Milad Mohammadi,22,1,30.0,0.0,0.0,0.0,1.0,1.0,1.0,2.0,1.0,0.0,0.0,0.0,0.0,0.0,0.0,3.0,6.0,50.0,,False
2,2544,Akram Afif,1569,1,59.0,0.0,0.0,0.0,0.0,0.0,0.0,4.0,1.0,1.0,0.0,0.0,0.0,0.0,0.0,0.0,0.0,25.0,0.0,False
2,1290,Guillermo Varela,7,1,93.0,0.0,0.0,0.0,0.0,2.0,1.0,7.0,6.0,0.0,0.0,0.0,0.0,0.0,0.0,0.0,2.903,85.7,,True
2,1324,Ivan Šunjić,1113,1,86.0,0.0,0.0,0.0,0.0,2.0,0.0,6.0,2.0,0.0,0.0,0.0,0.0,0.0,0.0,0.0,2.093,33.3,,False
2,1361,Ferdi Kadıoğlu,777,1,70.0,0.0,0.0,0.0,4.0,2.0,1.0,11.0,5.0,1.0,0.0,0.0,0.0,0.0,0.0,5.143,3.857,45.5,0.0,False
2,1411,Hannes Delcroix,2386,1,90.0,0.0,0.0,0.0,0.0,2.0,3.0,5.0,3.0,0.0,0.0,0.0,0.0,0.0,0.0,0.0,5.0,60.0,,True
2,1417,Alexis Saelemaekers,1,1,58.0,0.0,0.0,1.0,0.0,1.0,0.0,7.0,3.0,5.0,2.0,0.0,0.0,0.0,0.0,0.0,1.552,42.9,40.0,False
2,1442,Sead Kolašinac,1113,1,90.0,0.0,0.0,0.0,0.0,3.0,1.0,10.0,5.0,2.0,1.0,0.0,0.0,0.0,0.0,0.0,4.0,50.0,50.0,True
2,1496,Raphinha,6,1,40.0,0.0,0.0,1.0,0.0,0.0,0.0,5.0,0.0,3.0,0.0,0.0,0.0,0.0,0.0,0.0,0.0,0.0,0.0,False
2,1567,Aïssa Mandi,1532,1,90.0,0.0,0.0,0.0,1.0,2.0,0.0,5.0,4.0,0.0,0.0,0.0,0.0,0.0,0.0,1.0,2.0,80.0,,True
2,2467,Lisandro Martínez,26,1,98.0,0.0,0.0,0.0,1.0,1.0,0.0,6.0,4.0,0.0,0.0,0.0,0.0,0.0,0.0,0.918,0.918,66.7,,True
2,1640,Hakan Çalhanoğlu,777,1,90.0,0.0,0.0,2.0,3.0,4.0,0.0,10.0,6.0,0.0,0.0,0.0,0.0,0.0,0.0,3.0,4.0,60.0,,True
2,1719,Mert Müldür,777,1,90.0,0.0,0.0,1.0,2.0,3.0,1.0,13.0,9.0,1.0,1.0,0.0,0.0,0.0,0.0,2.0,4.0,69.2,100.0,True
2,1741,Nikola Katić,1113,1,90.0,0.0,0.0,0.0,0.0,3.0,2.0,7.0,5.0,0.0,0.0,0.0,0.0,0.0,0.0,0.0,5.0,71.4,,True
2,1934,Sander Berge,1090,1,90.0,0.0,0.0,0.0,0.0,1.0,4.0,5.0,2.0,0.0,0.0,0.0,0.0,0.0,0.0,0.0,5.0,40.0,,True
2,1946,Leandro Trossard,1,1,96.0,0.0,0.0,0.0,6.0,2.0,0.0,10.0,6.0,4.0,3.0,0.0,0.0,0.0,0.0,5.625,1.875,60.0,75.0,True
2,2120,Nicolas Raskin,1,1,58.0,0.0,0.0,0.0,0.0,1.0,0.0,5.0,3.0,1.0,1.0,0.0,0.0,0.0,0.0,0.0,1.552,60.0,100.0,False
2,2194,Ramy Bensebaini,1532,1,90.0,0.0,0.0,0.0,0.0,6.0,3.0,17.0,12.0,1.0,1.0,0.0,0.0,0.0,0.0,0.0,9.0,70.6,100.0,True
2,2252,Tomáš Holeš,770,1,98.0,0.0,0.0,0.0,0.0,0.0,3.0,4.0,1.0,2.0,1.0,0.0,0.0,0.0,0.0,0.0,2.755,25.0,50.0,True
2,2285,Antonio Rüdiger,25,1,49.0,0.0,0.0,1.0,0.0,1.0,0.0,4.0,2.0,0.0,0.0,0.0,0.0,0.0,0.0,0.0,1.837,50.0,,False
2,1631,Ricardo Rodríguez,15,1,90.0,0.0,0.0,0.0,0.0,3.0,0.0,5.0,3.0,0.0,0.0,0.0,0.0,0.0,0.0,0.0,3.0,60.0,,True
2,2909,Seung Ho Paik,17,1,77.0,0.0,0.0,0.0,0.0,1.0,1.0,7.0,3.0,1.0,0.0,0.0,0.0,0.0,0.0,0.0,2.338,42.9,0.0,False
2,2912,Kim Moon-hwan,17,1,71.0,0.0,0.0,0.0,0.0,1.0,1.0,3.0,1.0,0.0,0.0,0.0,0.0,0.0,0.0,0.0,2.535,33.3,,False
2,2920,Timothy Castagne,1,1,38.0,0.0,0.0,0.0,3.0,0.0,1.0,0.0,0.0,0.0,0.0,0.0,0.0,0.0,0.0,7.105,2.368,,,False
2,2926,Youri Tielemans,1,1,96.0,0.0,0.0,2.0,3.0,2.0,0.0,9.0,5.0,1.0,0.0,0.0,0.0,0.0,0.0,2.812,1.875,55.6,0.0,True
2,2945,Dylan Bronn,28,1,45.0,0.0,0.0,0.0,0.0,0.0,1.0,1.0,0.0,0.0,0.0,0.0,0.0,0.0,0.0,0.0,2.0,0.0,,False
2,2962,Firas Chaouat,28,1,26.0,0.0,0.0,0.0,0.0,0.0,0.0,6.0,3.0,0.0,0.0,0.0,0.0,0.0,0.0,0.0,0.0,50.0,,False
2,2986,Edouard Mendy,13,1,63.0,0.0,0.0,0.0,0.0,0.0,0.0,0.0,0.0,0.0,0.0,0.0,0.0,0.0,0.0,0.0,0.0,,,False
2,2990,Idrissa Gana Gueye,13,1,90.0,0.0,0.0,1.0,1.0,1.0,2.0,3.0,2.0,0.0,0.0,0.0,0.0,0.0,0.0,1.0,3.0,66.7,,True
2,2691,Ramin Rezaeian,22,1,96.0,0.0,0.0,0.0,2.0,0.0,0.0,2.0,1.0,0.0,0.0,0.0,0.0,0.0,0.0,1.875,0.0,50.0,,True
2,3275,Ronwen Williams,1531,1,98.0,0.0,0.0,0.0,0.0,0.0,0.0,1.0,0.0,0.0,0.0,0.0,0.0,0.0,0.0,0.0,0.0,0.0,,True
2,4399,Hicham Boudaoui,1532,1,45.0,0.0,0.0,0.0,1.0,1.0,1.0,4.0,2.0,0.0,0.0,0.0,0.0,0.0,0.0,2.0,4.0,50.0,,False
2,4561,Zineddine Belaid,1532,1,12.0,0.0,0.0,0.0,1.0,1.0,0.0,3.0,3.0,0.0,0.0,0.0,0.0,0.0,0.0,7.5,7.5,100.0,,False
2,5995,Nicolás de la Cruz,7,1,23.0,0.0,0.0,1.0,0.0,1.0,0.0,2.0,2.0,0.0,0.0,0.0,0.0,0.0,0.0,0.0,3.913,100.0,,False
2,5996,Enzo Fernández,26,1,98.0,0.0,0.0,0.0,1.0,2.0,1.0,11.0,6.0,1.0,1.0,0.0,0.0,0.0,0.0,0.918,2.755,54.5,100.0,True
2,6009,Julián Alvarez,26,1,34.0,0.0,0.0,1.0,0.0,0.0,0.0,1.0,0.0,0.0,0.0,0.0,0.0,0.0,0.0,0.0,0.0,0.0,,False
2,6067,Thiago Almada,26,1,64.0,0.0,0.0,0.0,1.0,3.0,0.0,5.0,3.0,1.0,0.0,0.0,0.0,0.0,0.0,1.406,4.219,60.0,0.0,False
2,6168,Omar Alderete,2380,1,90.0,0.0,0.0,1.0,0.0,0.0,1.0,5.0,3.0,0.0,0.0,0.0,0.0,0.0,0.0,0.0,1.0,60.0,,True
2,3246,Nicolas Pépé,1501,1,9.0,0.0,0.0,0.0,0.0,0.0,0.0,5.0,3.0,2.0,2.0,0.0,0.0,0.0,0.0,0.0,0.0,60.0,100.0,False
2,2697,Mahdi Torabi,22,1,30.0,0.0,0.0,0.0,0.0,2.0,1.0,4.0,2.0,0.0,0.0,0.0,0.0,0.0,0.0,0.0,9.0,50.0,,False
2,2699,Saman Ghoddos,22,1,79.0,0.0,0.0,0.0,0.0,3.0,1.0,8.0,4.0,0.0,0.0,0.0,0.0,0.0,0.0,0.0,4.557,50.0,,False
2,2700,Alireza Jahanbakhsh,22,1,51.0,0.0,0.0,1.0,0.0,1.0,0.0,8.0,3.0,1.0,1.0,0.0,0.0,0.0,0.0,0.0,1.765,37.5,100.0,False
2,2701,Bono,31,1,96.0,0.0,0.0,0.0,0.0,0.0,0.0,1.0,1.0,0.0,0.0,0.0,0.0,0.0,0.0,0.0,0.0,100.0,,True
2,2724,Lucas Digne,2,1,90.0,0.0,0.0,0.0,1.0,0.0,0.0,3.0,1.0,0.0,0.0,0.0,0.0,0.0,0.0,1.0,0.0,33.3,,True
2,2749,Jackson Irvine,20,1,12.0,0.0,0.0,0.0,0.0,0.0,0.0,2.0,1.0,1.0,1.0,0.0,0.0,0.0,0.0,0.0,0.0,50.0,100.0,False
2,2751,Mathew Leckie,20,1,61.0,0.0,0.0,1.0,0.0,0.0,0.0,9.0,5.0,1.0,1.0,0.0,0.0,0.0,0.0,0.0,0.0,55.6,100.0,False
2,2803,Nico Elvedi,15,1,90.0,0.0,0.0,0.0,1.0,0.0,0.0,6.0,4.0,0.0,0.0,0.0,0.0,0.0,0.0,1.0,0.0,66.7,,True
2,2906,Jae-sung Lee,17,1,57.0,0.0,0.0,0.0,0.0,4.0,0.0,11.0,6.0,1.0,0.0,0.0,0.0,0.0,0.0,0.0,6.316,54.5,0.0,False
2,2851,Kristoffer Nordfeldt,5,1,90.0,0.0,0.0,0.0,0.0,0.0,0.0,0.0,0.0,0.0,0.0,0.0,0.0,0.0,0.0,0.0,0.0,,,True
2,2869,Edson Álvarez,16,1,90.0,0.0,0.0,0.0,0.0,2.0,2.0,6.0,5.0,1.0,1.0,0.0,0.0,0.0,0.0,0.0,4.0,83.3,100.0,True
2,2878,Jorge Sánchez,16,1,90.0,0.0,0.0,0.0,0.0,0.0,1.0,5.0,1.0,1.0,1.0,0.0,0.0,0.0,0.0,0.0,1.0,20.0,100.0,True
2,2879,Roberto Alvarado,16,1,80.0,0.0,0.0,1.0,1.0,1.0,0.0,4.0,2.0,1.0,1.0,0.0,0.0,0.0,0.0,1.125,1.125,50.0,100.0,False
2,2881,Jesús Gallardo,16,1,90.0,0.0,0.0,1.0,0.0,2.0,0.0,8.0,6.0,1.0,1.0,0.0,0.0,0.0,0.0,0.0,2.0,75.0,100.0,True
2,2887,Raúl Jiménez,16,1,80.0,0.0,0.0,1.0,0.0,0.0,0.0,9.0,3.0,0.0,0.0,0.0,0.0,0.0,0.0,0.0,0.0,33.3,,False
2,2892,Kim Seung-gyu,17,1,90.0,0.0,0.0,0.0,0.0,0.0,0.0,0.0,0.0,0.0,0.0,0.0,0.0,0.0,0.0,0.0,0.0,,,True
2,2897,Kim Min-jae,17,1,90.0,0.0,0.0,0.0,0.0,2.0,0.0,4.0,3.0,0.0,0.0,0.0,0.0,0.0,0.0,0.0,2.0,75.0,,True
2,2901,Hwang In-beom,17,1,90.0,0.0,0.0,0.0,0.0,1.0,1.0,6.0,2.0,0.0,0.0,0.0,0.0,0.0,0.0,0.0,2.0,33.3,,True
2,2807,Remo Freuler,15,1,90.0,0.0,0.0,1.0,1.0,2.0,0.0,10.0,4.0,2.0,1.0,0.0,0.0,0.0,0.0,1.0,2.0,40.0,50.0,True
2,290,Virgil van Dijk,1118,1,90.0,0.0,0.0,0.0,0.0,0.0,1.0,4.0,1.0,0.0,0.0,0.0,0.0,0.0,0.0,0.0,1.0,25.0,,True
2,380587,Ibrahim Maza,1532,1,90.0,0.0,0.0,4.0,2.0,2.0,0.0,17.0,9.0,8.0,5.0,0.0,0.0,0.0,0.0,2.0,2.0,52.9,62.5,True
2,318,Kalidou Koulibaly,13,1,72.0,0.0,0.0,0.0,0.0,1.0,1.0,4.0,2.0,0.0,0.0,0.0,0.0,0.0,0.0,0.0,2.5,50.0,,False
2,328,Fabián Ruiz,9,1,20.0,0.0,0.0,0.0,1.0,0.0,0.0,0.0,0.0,0.0,0.0,0.0,0.0,0.0,0.0,4.5,0.0,,,False
2,409,Nabil Bentaleb,1532,1,45.0,0.0,0.0,0.0,2.0,0.0,0.0,8.0,3.0,1.0,0.0,0.0,0.0,0.0,0.0,4.0,0.0,37.5,0.0,False
2,415,Weston McKennie,2384,1,89.0,0.0,0.0,1.0,3.0,3.0,4.0,14.0,5.0,2.0,1.0,0.0,0.0,0.0,0.0,3.034,7.079,35.7,50.0,False
2,427,Haji Wright,2384,1,1.0,0.0,0.0,0.0,0.0,0.0,0.0,2.0,1.0,0.0,0.0,0.0,0.0,0.0,0.0,0.0,0.0,50.0,,False
2,429,Fernando Muslera,7,1,93.0,0.0,0.0,0.0,0.0,0.0,0.0,1.0,0.0,0.0,0.0,0.0,0.0,0.0,0.0,0.0,0.0,0.0,,True
2,1257,Jules Koundé,2,1,83.0,0.0,0.0,0.0,1.0,1.0,0.0,4.0,3.0,0.0,0.0,0.0,0.0,0.0,0.0,1.084,1.084,75.0,,False
2,497,Manuel Neuer,25,1,94.0,0.0,0.0,0.0,0.0,0.0,0.0,0.0,0.0,0.0,0.0,0.0,0.0,0.0,0.0,0.0,0.0,,,True
2,502,Joshua Kimmich,25,1,94.0,0.0,0.0,0.0,3.0,3.0,2.0,5.0,3.0,0.0,0.0,0.0,0.0,0.0,0.0,2.872,4.787,60.0,,True
2,505,David Alaba,775,1,67.0,0.0,0.0,0.0,0.0,1.0,1.0,3.0,2.0,1.0,0.0,0.0,0.0,0.0,0.0,0.0,2.687,66.7,0.0,False
2,511,Leon Goretzka,25,1,9.0,0.0,0.0,0.0,0.0,1.0,0.0,1.0,1.0,0.0,0.0,0.0,0.0,0.0,0.0,0.0,10.0,100.0,,False
2,529,Nicolás Tagliafico,26,1,16.0,0.0,0.0,0.0,0.0,0.0,0.0,4.0,2.0,0.0,0.0,0.0,0.0,0.0,0.0,0.0,0.0,50.0,,False
2,538,Frenkie de Jong,1118,1,59.0,0.0,0.0,0.0,0.0,3.0,1.0,8.0,5.0,0.0,0.0,0.0,0.0,0.0,0.0,0.0,6.102,62.5,,False
2,542,Ryan Gravenberch,1118,1,90.0,0.0,0.0,1.0,0.0,3.0,3.0,9.0,4.0,1.0,0.0,0.0,0.0,0.0,0.0,0.0,6.0,44.4,0.0,True
2,544,Noa Lang,1118,1,1.0,0.0,0.0,0.0,0.0,0.0,0.0,1.0,1.0,0.0,0.0,0.0,0.0,0.0,0.0,0.0,0.0,100.0,,False
2,454,Yunus Akgün,777,1,60.0,0.0,0.0,0.0,0.0,0.0,0.0,5.0,1.0,3.0,0.0,0.0,0.0,0.0,0.0,0.0,0.0,20.0,0.0,False
2,626479,Zaid Ismail,1567,1,60.0,0.0,0.0,0.0,0.0,2.0,1.0,4.0,2.0,0.0,0.0,0.0,0.0,0.0,0.0,0.0,4.5,50.0,,False
2,5,Manuel Akanji,15,1,90.0,0.0,0.0,0.0,1.0,3.0,2.0,8.0,7.0,0.0,0.0,0.0,0.0,0.0,0.0,1.0,5.0,87.5,,True
2,9,Achraf Hakimi,31,1,96.0,0.0,0.0,2.0,1.0,0.0,1.0,7.0,3.0,3.0,1.0,0.0,0.0,0.0,0.0,0.938,0.938,42.9,33.3,True
2,44,Rodri,9,1,90.0,0.0,0.0,1.0,1.0,2.0,1.0,8.0,6.0,1.0,1.0,0.0,0.0,0.0,0.0,1.0,3.0,75.0,100.0,True
2,69,Brandon Mechele,1,1,96.0,0.0,0.0,1.0,0.0,0.0,1.0,12.0,6.0,0.0,0.0,0.0,0.0,0.0,0.0,0.0,0.938,50.0,,True
2,78,Hans Vanaken,1,1,38.0,0.0,0.0,2.0,0.0,0.0,0.0,4.0,2.0,1.0,1.0,0.0,0.0,0.0,0.0,0.0,0.0,50.0,100.0,False
2,81,Krépin Diatta,13,1,90.0,0.0,0.0,0.0,2.0,1.0,1.0,6.0,5.0,1.0,1.0,0.0,0.0,0.0,0.0,2.0,2.0,83.3,100.0,True
2,186,Son Heung-min,17,1,57.0,0.0,0.0,0.0,1.0,1.0,0.0,6.0,5.0,3.0,3.0,0.0,0.0,0.0,0.0,1.579,1.579,83.3,100.0,False
2,289,Andy Robertson,1108,1,96.0,0.0,0.0,0.0,1.0,0.0,1.0,2.0,0.0,0.0,0.0,0.0,0.0,0.0,0.0,0.938,0.938,0.0,,True
2,416901,Niko Sigur,5529,1,15.0,0.0,0.0,0.0,0.0,0.0,0.0,0.0,0.0,0.0,0.0,0.0,0.0,0.0,0.0,0.0,0.0,,,False
2,228,Armando Obispo,5530,1,96.0,0.0,0.0,0.0,0.0,1.0,1.0,7.0,6.0,1.0,1.0,0.0,0.0,0.0,0.0,0.0,1.875,85.7,100.0,True
2,242,Ryan Thomas,4673,1,25.0,0.0,0.0,0.0,0.0,1.0,0.0,2.0,2.0,0.0,0.0,0.0,0.0,0.0,0.0,0.0,3.6,100.0,,False
2,249,Donyell Malen,1118,1,45.0,0.0,0.0,0.0,1.0,0.0,0.0,1.0,0.0,0.0,0.0,0.0,0.0,0.0,0.0,2.0,0.0,0.0,,False
2,257,Marquinhos,6,1,90.0,0.0,0.0,0.0,0.0,2.0,0.0,7.0,5.0,0.0,0.0,0.0,0.0,0.0,0.0,0.0,2.0,71.4,,True
2,264,Thomas Meunier,1,1,58.0,0.0,0.0,0.0,0.0,1.0,1.0,8.0,4.0,1.0,1.0,0.0,0.0,0.0,0.0,0.0,3.103,50.0,100.0,False
2,271,Leandro Paredes,26,1,16.0,0.0,0.0,0.0,0.0,0.0,0.0,1.0,0.0,0.0,0.0,0.0,0.0,0.0,0.0,0.0,0.0,0.0,,False
2,272,Adrien Rabiot,2,1,90.0,0.0,0.0,1.0,0.0,1.0,0.0,5.0,2.0,0.0,0.0,0.0,0.0,0.0,0.0,0.0,1.0,40.0,,True
2,280,Alisson,6,1,90.0,0.0,0.0,0.0,0.0,0.0,0.0,1.0,1.0,1.0,1.0,0.0,0.0,0.0,0.0,0.0,0.0,100.0,100.0,True
2,217,Lautaro Martínez,26,1,65.0,0.0,0.0,0.0,0.0,2.0,0.0,11.0,4.0,2.0,0.0,0.0,0.0,0.0,0.0,0.0,2.769,36.4,0.0,False
2,951,Michel Aebischer,15,1,71.0,0.0,0.0,1.0,1.0,4.0,0.0,9.0,7.0,1.0,1.0,0.0,0.0,0.0,0.0,1.268,5.07,77.8,100.0,False
2,957,Djibril Sow,15,1,19.0,0.0,0.0,0.0,0.0,0.0,0.0,1.0,1.0,0.0,0.0,0.0,0.0,0.0,0.0,0.0,0.0,100.0,,False
2,972,Jonathan Tah,25,1,94.0,0.0,0.0,0.0,1.0,1.0,1.0,6.0,3.0,0.0,0.0,0.0,0.0,0.0,0.0,0.957,1.915,50.0,,True
2,978,Kai Havertz,25,1,85.0,0.0,0.0,3.0,0.0,0.0,0.0,11.0,4.0,1.0,0.0,0.0,0.0,0.0,0.0,0.0,0.0,36.4,0.0,False
2,1095,Xaver Schlager,775,1,98.0,0.0,0.0,0.0,0.0,2.0,1.0,13.0,3.0,0.0,0.0,0.0,0.0,0.0,0.0,0.0,2.755,23.1,,True
2,1111,Jack Hendry,1108,1,96.0,0.0,0.0,0.0,0.0,2.0,0.0,3.0,2.0,0.0,0.0,0.0,0.0,0.0,0.0,0.0,1.875,66.7,,True
2,1115,Tony Ralston,1108,1,7.0,0.0,0.0,0.0,0.0,0.0,0.0,0.0,0.0,0.0,0.0,0.0,0.0,0.0,0.0,0.0,0.0,,,False
2,1117,Kieran Tierney,1108,1,60.0,0.0,0.0,0.0,0.0,3.0,2.0,6.0,4.0,0.0,0.0,0.0,0.0,0.0,0.0,0.0,7.5,66.7,,False
2,545,Noussair Mazraoui,31,1,96.0,0.0,0.0,0.0,0.0,0.0,1.0,6.0,3.0,0.0,0.0,0.0,0.0,0.0,0.0,0.0,0.938,50.0,,True
2,1125,Ryan Christie,1108,1,71.0,0.0,0.0,1.0,0.0,1.0,2.0,6.0,1.0,0.0,0.0,0.0,0.0,0.0,0.0,0.0,3.803,16.7,,False
2,1149,Dayot Upamecano,2,1,90.0,0.0,0.0,0.0,1.0,1.0,2.0,6.0,3.0,0.0,0.0,0.0,0.0,0.0,0.0,1.0,3.0,50.0,,True
2,1150,Tyler Adams,2384,1,90.0,0.0,0.0,0.0,1.0,4.0,4.0,12.0,6.0,0.0,0.0,0.0,0.0,0.0,0.0,1.0,8.0,50.0,,True
2,1157,Konrad Laimer,775,1,98.0,0.0,0.0,0.0,0.0,1.0,1.0,10.0,5.0,1.0,1.0,0.0,0.0,0.0,0.0,0.0,1.837,50.0,100.0,True
2,1159,Marcel Sabitzer,775,1,98.0,0.0,0.0,3.0,1.0,2.0,1.0,5.0,3.0,2.0,0.0,0.0,0.0,0.0,0.0,0.918,2.755,60.0,0.0,True
2,1231,Vladimír Coufal,770,1,98.0,0.0,0.0,0.0,5.0,1.0,1.0,5.0,3.0,2.0,2.0,0.0,0.0,0.0,0.0,4.592,1.837,60.0,100.0,True
2,1237,Jaroslav Zelený,770,1,43.0,0.0,0.0,1.0,0.0,0.0,0.0,2.0,2.0,1.0,1.0,0.0,0.0,0.0,0.0,0.0,0.0,100.0,100.0,False
2,1243,Tomáš Souček,770,1,31.0,0.0,0.0,0.0,0.0,1.0,0.0,4.0,2.0,0.0,0.0,0.0,0.0,0.0,0.0,0.0,2.903,50.0,,False
2,1119,Kristoffer Ajer,1090,1,90.0,0.0,0.0,1.0,0.0,3.0,1.0,7.0,6.0,0.0,0.0,0.0,0.0,0.0,0.0,0.0,4.0,85.7,,True
2,618,Danilo,6,1,90.0,0.0,0.0,0.0,0.0,1.0,1.0,6.0,3.0,1.0,1.0,0.0,0.0,0.0,0.0,0.0,2.0,50.0,100.0,True
2,624,Nicolás Otamendi,26,1,41.0,0.0,0.0,0.0,0.0,0.0,1.0,2.0,0.0,0.0,0.0,0.0,0.0,0.0,0.0,0.0,2.195,0.0,,False
2,629,Kevin De Bruyne,1,1,87.0,0.0,0.0,3.0,3.0,1.0,0.0,10.0,7.0,3.0,2.0,0.0,0.0,0.0,0.0,3.103,1.034,70.0,66.7,False
2,644,Leroy Sané,25,1,60.0,0.0,0.0,0.0,0.0,1.0,0.0,5.0,2.0,2.0,1.0,0.0,0.0,0.0,0.0,0.0,1.5,40.0,50.0,False
2,706,Joshua Brenet,5530,1,96.0,0.0,0.0,0.0,1.0,5.0,0.0,10.0,7.0,2.0,1.0,0.0,0.0,0.0,0.0,0.938,4.688,70.0,50.0,True
2,711,Stefan Posch,775,1,68.0,0.0,0.0,0.0,1.0,1.0,0.0,3.0,1.0,0.0,0.0,0.0,0.0,0.0,0.0,1.324,1.324,33.3,,False
2,730,Thibaut Courtois,1,1,96.0,0.0,0.0,0.0,0.0,0.0,0.0,0.0,0.0,0.0,0.0,0.0,0.0,0.0,0.0,0.0,0.0,,,True
2,732,Luca Zidane,1532,1,90.0,0.0,0.0,0.0,0.0,0.0,0.0,0.0,0.0,0.0,0.0,0.0,0.0,0.0,0.0,0.0,0.0,,,True
2,931,Ferran Torres,9,1,45.0,0.0,0.0,2.0,0.0,0.0,0.0,3.0,1.0,1.0,1.0,0.0,0.0,0.0,0.0,0.0,0.0,33.3,100.0,False
2,756,Federico Valverde,7,1,93.0,0.0,0.0,4.0,0.0,1.0,1.0,6.0,3.0,2.0,2.0,0.0,0.0,0.0,0.0,0.0,1.935,50.0,100.0,True
2,790,Edin Džeko,1113,1,64.0,0.0,0.0,1.0,0.0,0.0,1.0,7.0,3.0,0.0,0.0,0.0,0.0,0.0,0.0,0.0,1.406,42.9,,False
2,794,Patrik Schick,770,1,98.0,0.0,0.0,2.0,0.0,0.0,0.0,9.0,3.0,0.0,0.0,0.0,0.0,0.0,0.0,0.0,0.0,33.3,,True
2,863,Rodrigo Bentancur,7,1,93.0,0.0,0.0,0.0,0.0,1.0,4.0,13.0,7.0,2.0,2.0,0.0,0.0,0.0,0.0,0.0,4.839,53.8,100.0,True
2,889,Victor Lindelöf,5,1,90.0,0.0,0.0,0.0,0.0,0.0,3.0,1.0,0.0,0.0,0.0,0.0,0.0,0.0,0.0,0.0,3.0,0.0,,True
2,903,Scott McTominay,1108,1,96.0,0.0,0.0,0.0,1.0,1.0,0.0,7.0,4.0,2.0,2.0,0.0,0.0,0.0,0.0,0.938,0.938,57.1,100.0,True
2,906,Tahith Chong,5530,1,76.0,0.0,0.0,0.0,2.0,0.0,0.0,13.0,7.0,5.0,4.0,0.0,0.0,0.0,0.0,2.368,0.0,53.8,80.0,False
2,907,Romelu Lukaku,1,1,73.0,0.0,0.0,0.0,0.0,0.0,0.0,9.0,2.0,2.0,0.0,0.0,0.0,0.0,0.0,0.0,0.0,22.2,0.0,False
2,927,Kang-in Lee,17,1,90.0,0.0,0.0,1.0,3.0,1.0,0.0,8.0,5.0,3.0,2.0,0.0,0.0,0.0,0.0,3.0,1.0,62.5,66.7,True
2,747,Casemiro,6,1,90.0,0.0,0.0,0.0,0.0,6.0,1.0,19.0,12.0,0.0,0.0,0.0,0.0,0.0,0.0,0.0,7.0,63.2,,True
2,32966,Ao Tanaka,12,1,90.0,0.0,0.0,1.0,0.0,4.0,0.0,6.0,4.0,0.0,0.0,0.0,0.0,0.0,0.0,0.0,4.0,66.7,,True
2,33165,Ayumu Seko,12,1,11.0,0.0,0.0,0.0,1.0,0.0,0.0,2.0,1.0,0.0,0.0,0.0,0.0,0.0,0.0,8.182,0.0,50.0,,False
2,33847,Jason Geria,20,1,45.0,0.0,0.0,0.0,0.0,1.0,1.0,11.0,4.0,1.0,0.0,0.0,0.0,0.0,0.0,0.0,4.0,36.4,0.0,False
2,34211,Gue-sung Cho,17,1,13.0,0.0,0.0,1.0,0.0,0.0,0.0,3.0,0.0,1.0,0.0,0.0,0.0,0.0,0.0,0.0,0.0,0.0,0.0,False
2,34710,Hyeon-gyu Oh,17,1,33.0,0.0,0.0,1.0,0.0,1.0,0.0,4.0,1.0,2.0,0.0,0.0,0.0,0.0,0.0,0.0,2.727,25.0,0.0,False
2,35532,Julián Quiñones,16,1,84.0,0.0,0.0,1.0,2.0,0.0,0.0,12.0,5.0,1.0,0.0,0.0,0.0,0.0,0.0,2.143,0.0,41.7,0.0,False
2,35533,Enner Valencia,2382,1,96.0,0.0,0.0,6.0,0.0,0.0,0.0,6.0,2.0,1.0,0.0,0.0,0.0,0.0,0.0,0.0,0.0,33.3,0.0,True
2,35544,Johan Vásquez,16,1,90.0,0.0,0.0,0.0,0.0,0.0,0.0,2.0,1.0,0.0,0.0,0.0,0.0,0.0,0.0,0.0,0.0,50.0,,True
2,6236,Andrés Cubas,2380,1,90.0,0.0,0.0,0.0,0.0,1.0,3.0,9.0,2.0,0.0,0.0,0.0,0.0,0.0,0.0,0.0,4.0,22.2,,True
2,35576,Orbelín Pineda,16,1,19.0,0.0,0.0,0.0,1.0,0.0,0.0,5.0,0.0,0.0,0.0,0.0,0.0,0.0,0.0,4.737,0.0,0.0,,False
2,35808,Gustavo Velázquez,2380,1,23.0,0.0,0.0,0.0,0.0,0.0,1.0,0.0,0.0,0.0,0.0,0.0,0.0,0.0,0.0,0.0,3.913,,,False
2,36111,César Huerta,16,1,13.0,0.0,0.0,0.0,0.0,1.0,0.0,3.0,1.0,1.0,0.0,0.0,0.0,0.0,0.0,0.0,6.923,33.3,0.0,False
2,36579,Soufiane Rahimi,31,1,12.0,0.0,0.0,0.0,0.0,0.0,0.0,1.0,0.0,0.0,0.0,0.0,0.0,0.0,0.0,0.0,0.0,0.0,,False
2,36842,Godfried Roemeratoe,5530,1,12.0,0.0,0.0,0.0,0.0,0.0,0.0,0.0,0.0,0.0,0.0,0.0,0.0,0.0,0.0,0.0,0.0,,,False
2,36857,Jurien Gaari,5530,1,96.0,0.0,0.0,0.0,1.0,3.0,2.0,7.0,4.0,0.0,0.0,0.0,0.0,0.0,0.0,0.938,4.688,57.1,,True
2,36899,Teun Koopmeiners,1118,1,31.0,0.0,0.0,0.0,0.0,1.0,0.0,1.0,1.0,0.0,0.0,0.0,0.0,0.0,0.0,0.0,2.903,100.0,,False
2,36902,Tijjani Reijnders,1118,1,59.0,0.0,0.0,1.0,0.0,0.0,0.0,7.0,2.0,1.0,0.0,0.0,0.0,0.0,0.0,0.0,0.0,28.6,0.0,False
2,35570,Stephen Eustaquio,5529,1,98.0,0.0,0.0,0.0,1.0,3.0,0.0,4.0,4.0,0.0,0.0,0.0,0.0,0.0,0.0,0.918,2.755,100.0,,True
2,25287,Kevin Danso,775,1,98.0,0.0,0.0,0.0,1.0,0.0,0.0,10.0,5.0,1.0,1.0,0.0,0.0,0.0,0.0,0.918,0.0,50.0,100.0,True
2,25297,Michael Gregoritsch,775,1,85.0,0.0,0.0,1.0,0.0,0.0,0.0,8.0,6.0,0.0,0.0,0.0,0.0,0.0,0.0,0.0,0.0,75.0,,False
2,25300,Rani Khedira,28,1,1.0,0.0,0.0,0.0,0.0,1.0,2.0,1.0,1.0,0.0,0.0,0.0,0.0,0.0,0.0,0.0,270.0,100.0,,False
2,25314,Marco Friedl,775,1,31.0,0.0,0.0,0.0,0.0,0.0,0.0,1.0,0.0,0.0,0.0,0.0,0.0,0.0,0.0,0.0,0.0,0.0,,False
2,25348,Vladimír Darida,770,1,55.0,0.0,0.0,0.0,0.0,1.0,1.0,5.0,4.0,2.0,2.0,0.0,0.0,0.0,0.0,0.0,3.273,80.0,100.0,False
2,25414,John Yeboah,2382,1,89.0,0.0,0.0,2.0,4.0,1.0,1.0,5.0,2.0,1.0,1.0,0.0,0.0,0.0,0.0,4.045,2.022,40.0,100.0,False
2,25458,Dodi Lukebakio,1,1,38.0,0.0,0.0,2.0,0.0,1.0,0.0,4.0,2.0,0.0,0.0,0.0,0.0,0.0,0.0,0.0,2.368,50.0,,False
2,25916,Moussa Niakhaté,13,1,90.0,0.0,0.0,0.0,0.0,2.0,2.0,11.0,10.0,1.0,1.0,0.0,0.0,0.0,0.0,0.0,4.0,90.9,100.0,True
2,32893,Hiroki Itō,12,1,90.0,0.0,0.0,0.0,1.0,3.0,0.0,8.0,5.0,0.0,0.0,0.0,0.0,0.0,0.0,1.0,3.0,62.5,,True
2,26315,Nicolás González,26,1,33.0,0.0,0.0,1.0,0.0,0.0,0.0,5.0,4.0,2.0,1.0,0.0,0.0,0.0,0.0,0.0,0.0,80.0,50.0,False
2,29704,Shoja Khalilzadeh,22,1,96.0,0.0,0.0,1.0,0.0,4.0,1.0,12.0,9.0,0.0,0.0,0.0,0.0,0.0,0.0,0.0,4.688,75.0,,True
2,29809,Ali Nemati,22,1,96.0,0.0,0.0,0.0,0.0,1.0,0.0,5.0,3.0,0.0,0.0,0.0,0.0,0.0,0.0,0.0,0.938,60.0,,True
2,29937,Amirhossein Hosseinzadeh,22,1,11.0,0.0,0.0,0.0,0.0,1.0,0.0,3.0,1.0,0.0,0.0,0.0,0.0,0.0,0.0,0.0,8.182,33.3,,False
2,30504,Wilfried Singo,1501,1,82.0,0.0,0.0,0.0,0.0,1.0,1.0,7.0,5.0,4.0,4.0,0.0,0.0,0.0,0.0,0.0,2.195,71.4,100.0,False
2,30521,Merih Demiral,777,1,90.0,0.0,0.0,5.0,0.0,0.0,1.0,16.0,5.0,3.0,0.0,0.0,0.0,0.0,0.0,0.0,1.0,31.2,0.0,True
2,30776,Cristian Romero,26,1,57.0,0.0,0.0,0.0,0.0,1.0,2.0,5.0,2.0,0.0,0.0,0.0,0.0,0.0,0.0,0.0,4.737,40.0,,False
2,30807,Seko Fofana,1501,1,19.0,0.0,0.0,0.0,0.0,0.0,0.0,0.0,0.0,0.0,0.0,0.0,0.0,0.0,0.0,0.0,0.0,,,False
2,32887,Yukinari Sugawara,12,1,16.0,0.0,0.0,0.0,0.0,0.0,0.0,1.0,1.0,0.0,0.0,0.0,0.0,0.0,0.0,0.0,0.0,100.0,,False
2,26243,Nico Schlotterbeck,25,1,45.0,0.0,0.0,0.0,1.0,1.0,0.0,4.0,2.0,0.0,0.0,0.0,0.0,0.0,0.0,2.0,2.0,50.0,,False
2,43953,Ala'a Al-Hejji,23,1,30.0,0.0,0.0,0.0,0.0,0.0,1.0,1.0,1.0,0.0,0.0,0.0,0.0,0.0,0.0,0.0,3.0,100.0,,False
2,44315,Abdullah Al-Khaibari,23,1,45.0,0.0,0.0,0.0,0.0,1.0,0.0,3.0,2.0,1.0,1.0,0.0,0.0,0.0,0.0,0.0,2.0,66.7,100.0,False
2,44324,Firas Al-Buraikan,23,1,60.0,0.0,0.0,0.0,0.0,0.0,1.0,6.0,3.0,0.0,0.0,0.0,0.0,0.0,0.0,0.0,1.5,50.0,,False
2,44339,Nasser Al-Dawsari,23,1,89.0,0.0,0.0,0.0,0.0,2.0,1.0,10.0,5.0,3.0,2.0,0.0,0.0,0.0,0.0,0.0,3.034,50.0,66.7,False
2,44340,Salem Al-Dawsari,23,1,90.0,0.0,0.0,0.0,0.0,2.0,0.0,14.0,9.0,4.0,4.0,0.0,0.0,0.0,0.0,0.0,2.0,64.3,100.0,True
2,44349,Mohamed Kanno,23,1,45.0,0.0,0.0,0.0,0.0,0.0,0.0,1.0,0.0,0.0,0.0,0.0,0.0,0.0,0.0,0.0,0.0,0.0,,False
2,44362,Hassan Tambakti,23,1,90.0,0.0,0.0,0.0,0.0,2.0,1.0,4.0,3.0,0.0,0.0,0.0,0.0,0.0,0.0,0.0,3.0,75.0,,True
2,44382,Abdullah Al-Hamdan,23,1,45.0,0.0,0.0,1.0,0.0,0.0,0.0,1.0,1.0,1.0,1.0,0.0,0.0,0.0,0.0,0.0,0.0,100.0,100.0,False
2,36905,Guus Til,1118,1,31.0,0.0,0.0,0.0,0.0,0.0,0.0,0.0,0.0,0.0,0.0,0.0,0.0,0.0,0.0,0.0,0.0,,,False
2,44475,Abdulelah Al-Amri,23,1,60.0,0.0,0.0,1.0,0.0,0.0,2.0,0.0,0.0,0.0,0.0,0.0,0.0,0.0,0.0,0.0,3.0,,,False
2,44507,Ali Lajami,23,1,90.0,0.0,0.0,0.0,0.0,1.0,2.0,3.0,2.0,0.0,0.0,0.0,0.0,0.0,0.0,0.0,3.0,66.7,,True
2,44594,Saud Abdulhamid,23,1,90.0,0.0,0.0,0.0,0.0,2.0,1.0,4.0,3.0,0.0,0.0,0.0,0.0,0.0,0.0,0.0,3.0,75.0,,True
2,44612,Garry Rodrigues,1533,1,58.0,0.0,0.0,0.0,0.0,1.0,1.0,5.0,2.0,2.0,1.0,0.0,0.0,0.0,0.0,0.0,3.103,40.0,50.0,False
2,44701,Khalid Al-Ghannam,23,1,9.0,0.0,0.0,0.0,0.0,0.0,0.0,0.0,0.0,0.0,0.0,0.0,0.0,0.0,0.0,0.0,0.0,,,False
2,44814,Lewis Ferguson,1108,1,96.0,0.0,0.0,0.0,0.0,7.0,2.0,14.0,10.0,1.0,0.0,0.0,0.0,0.0,0.0,0.0,8.438,71.4,0.0,True
2,45078,Ross Stewart,1108,1,7.0,0.0,0.0,0.0,0.0,0.0,0.0,2.0,2.0,0.0,0.0,0.0,0.0,0.0,0.0,0.0,0.0,100.0,,False
2,45307,Lyndon Dykes,1108,1,25.0,0.0,0.0,1.0,0.0,1.0,0.0,5.0,2.0,0.0,0.0,0.0,0.0,0.0,0.0,0.0,3.6,40.0,,False
2,44411,Mohammed Al-Owais,23,1,90.0,0.0,0.0,0.0,0.0,0.0,0.0,0.0,0.0,0.0,0.0,0.0,0.0,0.0,0.0,0.0,0.0,,,True
2,36970,Sherel Constancio Floranus,5530,1,96.0,0.0,0.0,1.0,0.0,3.0,2.0,3.0,3.0,0.0,0.0,0.0,0.0,0.0,0.0,0.0,4.688,100.0,,True
2,37066,Roshon van Eijma,5530,1,20.0,0.0,0.0,0.0,0.0,1.0,0.0,3.0,2.0,0.0,0.0,0.0,0.0,0.0,0.0,0.0,4.5,66.7,,False
2,37155,Orkun Kökçü,777,1,13.0,0.0,0.0,0.0,0.0,0.0,0.0,1.0,1.0,0.0,0.0,0.0,0.0,0.0,0.0,0.0,0.0,100.0,,False
2,37435,Deroy Duarte,1533,1,48.0,0.0,0.0,0.0,0.0,2.0,2.0,3.0,2.0,0.0,0.0,0.0,0.0,0.0,0.0,0.0,7.5,66.7,,False
2,37436,Laros Duarte,1533,1,22.0,0.0,0.0,0.0,0.0,0.0,0.0,2.0,1.0,2.0,1.0,0.0,0.0,0.0,0.0,0.0,0.0,50.0,50.0,False
2,38695,Jan Paul van Hecke,1118,1,90.0,0.0,0.0,0.0,0.0,1.0,0.0,6.0,4.0,0.0,0.0,0.0,0.0,0.0,0.0,0.0,1.0,66.7,,True
2,38708,Gervane Kastaneer,5530,1,13.0,0.0,0.0,0.0,0.0,1.0,0.0,7.0,4.0,0.0,0.0,0.0,0.0,0.0,0.0,0.0,6.923,57.1,,False
2,38735,Sergiño Dest,2384,1,80.0,0.0,0.0,1.0,1.0,0.0,1.0,7.0,4.0,3.0,2.0,0.0,0.0,0.0,0.0,1.125,1.125,57.1,66.7,False
2,42315,Mehdi Taremi,22,1,96.0,0.0,0.0,1.0,2.0,1.0,0.0,20.0,8.0,2.0,0.0,0.0,0.0,0.0,0.0,1.875,0.938,40.0,0.0,True
2,39254,Torbjørn Heggem,1090,1,84.0,0.0,0.0,0.0,0.0,2.0,0.0,8.0,5.0,1.0,1.0,0.0,0.0,0.0,0.0,0.0,2.143,62.5,100.0,False
2,41552,Pathé Ismaël Ciss,13,1,27.0,0.0,0.0,0.0,0.0,1.0,0.0,2.0,1.0,0.0,0.0,0.0,0.0,0.0,0.0,0.0,3.333,50.0,,False
2,41608,Diney Borges,1533,1,93.0,0.0,0.0,1.0,0.0,2.0,1.0,8.0,6.0,2.0,2.0,0.0,0.0,0.0,0.0,0.0,2.903,75.0,100.0,True
2,41627,Kenji Gorré,5530,1,21.0,0.0,0.0,0.0,0.0,0.0,0.0,1.0,0.0,0.0,0.0,0.0,0.0,0.0,0.0,0.0,0.0,0.0,,False
2,42012,Elias Achouri,28,1,1.0,0.0,0.0,0.0,0.0,1.0,0.0,2.0,1.0,0.0,0.0,0.0,0.0,0.0,0.0,0.0,90.0,50.0,,False
2,42060,Sultan Al-Brake,1569,1,58.0,0.0,0.0,0.0,0.0,1.0,0.0,2.0,2.0,1.0,1.0,0.0,0.0,0.0,0.0,0.0,1.552,100.0,100.0,False
2,42075,Edmilson Junior,1569,1,45.0,0.0,0.0,1.0,0.0,1.0,0.0,5.0,2.0,1.0,0.0,0.0,0.0,0.0,0.0,0.0,2.0,40.0,0.0,False
2,42261,Rebin Sulaka,1567,1,30.0,0.0,0.0,1.0,0.0,0.0,1.0,0.0,0.0,0.0,0.0,0.0,0.0,0.0,0.0,0.0,3.0,,,False
2,42288,Lucas Mendes,1569,1,11.0,0.0,0.0,0.0,0.0,0.0,0.0,0.0,0.0,0.0,0.0,0.0,0.0,0.0,0.0,0.0,0.0,,,False
2,39043,Fredrik Aursnes,1090,1,45.0,0.0,0.0,0.0,1.0,1.0,0.0,6.0,1.0,0.0,0.0,0.0,0.0,0.0,0.0,2.0,2.0,16.7,,False
2,15304,Vozinha,1533,1,93.0,0.0,0.0,0.0,0.0,0.0,0.0,0.0,0.0,0.0,0.0,0.0,0.0,0.0,0.0,0.0,0.0,,,True
2,16360,Alan Franco,2382,1,83.0,0.0,0.0,0.0,0.0,2.0,1.0,7.0,4.0,0.0,0.0,0.0,0.0,0.0,0.0,0.0,3.253,57.1,,False
2,16367,Willian Pacho,2382,1,96.0,0.0,0.0,1.0,0.0,2.0,1.0,9.0,5.0,0.0,0.0,0.0,0.0,0.0,0.0,0.0,2.812,55.6,,True
2,16369,Gonzalo Plata,2382,1,96.0,0.0,0.0,5.0,3.0,2.0,1.0,11.0,6.0,2.0,2.0,0.0,0.0,0.0,0.0,2.812,2.812,54.5,100.0,True
2,16380,Hernán Galíndez,2382,1,96.0,0.0,0.0,0.0,0.0,0.0,0.0,0.0,0.0,0.0,0.0,0.0,0.0,0.0,0.0,0.0,0.0,,,True
2,16470,Jordy Alcivar,2382,1,45.0,0.0,0.0,1.0,0.0,1.0,0.0,3.0,1.0,0.0,0.0,0.0,0.0,0.0,0.0,0.0,2.0,33.3,,False
2,16590,Jordy Caicedo,2382,1,7.0,0.0,0.0,0.0,0.0,0.0,0.0,0.0,0.0,0.0,0.0,0.0,0.0,0.0,0.0,0.0,0.0,,,False
2,16804,Yasser Ibrahim,32,1,101.0,0.0,0.0,0.0,0.0,1.0,1.0,11.0,3.0,0.0,0.0,0.0,0.0,0.0,0.0,0.0,1.782,27.3,,True
2,25282,Gregor Kobel,15,1,90.0,0.0,0.0,0.0,0.0,0.0,0.0,2.0,2.0,0.0,0.0,0.0,0.0,0.0,0.0,0.0,0.0,100.0,,True
2,16813,Hamdy Fathy,32,1,41.0,0.0,0.0,0.0,0.0,2.0,1.0,4.0,4.0,0.0,0.0,0.0,0.0,0.0,0.0,0.0,6.585,100.0,,False
2,16841,Mohanad Lasheen,32,1,101.0,0.0,0.0,0.0,1.0,5.0,1.0,8.0,5.0,0.0,0.0,0.0,0.0,0.0,0.0,0.891,5.347,62.5,,True
2,16871,Zizo,32,1,16.0,0.0,0.0,1.0,0.0,0.0,0.0,1.0,1.0,1.0,1.0,0.0,0.0,0.0,0.0,0.0,0.0,100.0,100.0,False
2,17269,Emam Ashour,32,1,85.0,0.0,0.0,3.0,2.0,0.0,0.0,9.0,5.0,2.0,1.0,0.0,0.0,0.0,0.0,2.118,0.0,55.6,50.0,False
2,18110,Max Crocombe,4673,1,101.0,0.0,0.0,0.0,0.0,0.0,0.0,1.0,0.0,0.0,0.0,0.0,0.0,0.0,0.0,0.0,0.0,0.0,,True
2,18814,Issa Diop,31,1,96.0,0.0,0.0,0.0,0.0,0.0,0.0,9.0,5.0,0.0,0.0,0.0,0.0,0.0,0.0,0.0,0.0,55.6,,True
2,18830,Marko Arnautović,775,1,30.0,0.0,0.0,0.0,0.0,0.0,0.0,1.0,0.0,0.0,0.0,0.0,0.0,0.0,0.0,0.0,0.0,0.0,,False
2,18931,Chris Wood,4673,1,101.0,0.0,0.0,1.0,1.0,0.0,0.0,18.0,8.0,0.0,0.0,0.0,0.0,0.0,0.0,0.891,0.0,44.4,,True
2,16805,Rami Rabia,32,1,60.0,0.0,0.0,0.0,0.0,2.0,0.0,9.0,5.0,0.0,0.0,0.0,0.0,0.0,0.0,0.0,3.0,55.6,,False
2,6483,Gabriel Ávalos,2380,1,1.0,0.0,0.0,0.0,0.0,1.0,0.0,3.0,3.0,0.0,0.0,0.0,0.0,0.0,0.0,0.0,90.0,100.0,,False
2,6503,Nahuel Molina,26,1,98.0,0.0,0.0,0.0,0.0,2.0,2.0,7.0,3.0,1.0,1.0,0.0,0.0,0.0,0.0,0.0,3.673,42.9,100.0,True
2,6716,Alexis Mac Allister,26,1,98.0,0.0,0.0,0.0,0.0,4.0,1.0,11.0,5.0,0.0,0.0,0.0,0.0,0.0,0.0,0.0,4.592,45.5,,True
2,6808,Jacob Italiano,20,1,90.0,0.0,0.0,0.0,0.0,1.0,0.0,12.0,4.0,5.0,2.0,0.0,0.0,0.0,0.0,0.0,1.0,33.3,40.0,True
2,6904,Connor Metcalfe,20,1,45.0,0.0,0.0,1.0,0.0,1.0,0.0,3.0,2.0,0.0,0.0,0.0,0.0,0.0,0.0,0.0,2.0,66.7,,False
2,6931,Liberato Cacace,4673,1,76.0,0.0,0.0,0.0,2.0,1.0,1.0,9.0,6.0,3.0,2.0,0.0,0.0,0.0,0.0,2.368,2.368,66.7,66.7,False
2,6935,Sarpreet Singh,4673,1,76.0,0.0,0.0,1.0,0.0,0.0,0.0,9.0,3.0,1.0,0.0,0.0,0.0,0.0,0.0,0.0,0.0,33.3,0.0,False
2,7050,Aiden O'Neill,20,1,90.0,0.0,0.0,0.0,0.0,1.0,2.0,9.0,6.0,2.0,1.0,0.0,0.0,0.0,0.0,0.0,3.0,66.7,50.0,True
2,12303,Ricardo Adé,2386,1,90.0,0.0,0.0,2.0,0.0,2.0,1.0,7.0,5.0,0.0,0.0,0.0,0.0,0.0,0.0,0.0,3.0,71.4,,True
2,7327,Alexander Prass,775,1,30.0,0.0,0.0,0.0,0.0,0.0,0.0,0.0,0.0,0.0,0.0,0.0,0.0,0.0,0.0,0.0,0.0,,,False
2,7328,Nicolas Seiwald,775,1,98.0,0.0,0.0,0.0,1.0,3.0,3.0,5.0,4.0,0.0,0.0,0.0,0.0,0.0,0.0,0.918,5.51,80.0,,True
2,7525,Alexander Schlager,775,1,98.0,0.0,0.0,0.0,0.0,0.0,0.0,0.0,0.0,0.0,0.0,0.0,0.0,0.0,0.0,0.0,0.0,,,True
2,7562,Romano Schmid,775,1,78.0,0.0,0.0,0.0,0.0,3.0,0.0,13.0,9.0,2.0,2.0,0.0,0.0,0.0,0.0,0.0,3.462,69.2,100.0,False
2,8492,Alexander Sørloth,1090,1,84.0,0.0,0.0,0.0,0.0,1.0,0.0,21.0,8.0,2.0,0.0,0.0,0.0,0.0,0.0,0.0,1.071,38.1,0.0,False
2,8601,Frantzdy Pierrot,2386,1,45.0,0.0,0.0,0.0,0.0,0.0,0.0,12.0,5.0,0.0,0.0,0.0,0.0,0.0,0.0,0.0,0.0,41.7,,False
2,9026,Nikola Vasilj,1113,1,90.0,0.0,0.0,0.0,0.0,0.0,0.0,1.0,1.0,0.0,0.0,0.0,0.0,0.0,0.0,0.0,0.0,100.0,,True
2,10097,Éderson,6,1,9.0,0.0,0.0,1.0,0.0,0.0,1.0,1.0,0.0,0.0,0.0,0.0,0.0,0.0,0.0,0.0,10.0,0.0,,False
2,10135,Bruno Guimarães,6,1,81.0,0.0,0.0,0.0,1.0,5.0,1.0,11.0,8.0,1.0,0.0,0.0,0.0,0.0,0.0,1.111,6.667,72.7,0.0,False
2,7318,Amar Dedić,1113,1,90.0,0.0,0.0,1.0,0.0,2.0,1.0,13.0,6.0,3.0,2.0,0.0,0.0,0.0,0.0,0.0,3.0,46.2,66.7,True
2,20696,Pape Gueye,13,1,54.0,0.0,0.0,0.0,0.0,1.0,0.0,7.0,2.0,3.0,0.0,0.0,0.0,0.0,0.0,0.0,1.667,28.6,0.0,False
2,20850,Carlens Arcus,2386,1,45.0,0.0,0.0,0.0,0.0,2.0,0.0,6.0,3.0,0.0,0.0,0.0,0.0,0.0,0.0,0.0,4.0,50.0,,False
2,21138,Rayan Aït-Nouri,1532,1,85.0,0.0,0.0,1.0,0.0,6.0,1.0,13.0,9.0,3.0,1.0,0.0,0.0,0.0,0.0,0.0,7.412,69.2,33.3,False
2,21509,Marcus Thuram,2,1,1.0,0.0,0.0,0.0,0.0,0.0,0.0,0.0,0.0,0.0,0.0,0.0,0.0,0.0,0.0,0.0,0.0,,,False
2,21587,Ellyes Skhiri,28,1,89.0,0.0,0.0,0.0,0.0,1.0,0.0,2.0,1.0,0.0,0.0,0.0,0.0,0.0,0.0,0.0,1.011,50.0,,False
2,21613,Lenny Joseph,2386,1,19.0,0.0,0.0,0.0,0.0,0.0,0.0,5.0,1.0,1.0,1.0,0.0,0.0,0.0,0.0,0.0,0.0,20.0,100.0,False
2,22002,Ghislain Konan,1501,1,94.0,0.0,0.0,0.0,0.0,1.0,0.0,5.0,2.0,2.0,1.0,0.0,0.0,0.0,0.0,0.0,0.957,40.0,50.0,True
2,22090,William Saliba,2,1,90.0,0.0,0.0,1.0,0.0,1.0,2.0,9.0,4.0,0.0,0.0,0.0,0.0,0.0,0.0,0.0,3.0,44.4,,True
2,18933,Angus Gunn,1108,1,96.0,0.0,0.0,0.0,0.0,1.0,0.0,1.0,1.0,0.0,0.0,0.0,0.0,0.0,0.0,0.0,0.938,100.0,,True
2,22147,Manu Koné,2,1,90.0,0.0,0.0,1.0,0.0,3.0,0.0,10.0,5.0,1.0,1.0,0.0,0.0,0.0,0.0,0.0,3.0,50.0,100.0,True
2,22149,Ibrahim Sangaré,1501,1,75.0,0.0,0.0,0.0,0.0,7.0,2.0,7.0,7.0,0.0,0.0,0.0,0.0,0.0,0.0,0.0,10.8,100.0,,False
2,22221,Mike Maignan,2,1,90.0,0.0,0.0,0.0,0.0,0.0,0.0,0.0,0.0,0.0,0.0,0.0,0.0,0.0,0.0,0.0,0.0,,,True
2,22224,Gabriel Magalhães,6,1,90.0,0.0,0.0,0.0,0.0,1.0,0.0,8.0,7.0,0.0,0.0,0.0,0.0,0.0,0.0,0.0,1.0,87.5,,True
2,22265,Nuno Da Costa,1533,1,35.0,0.0,0.0,0.0,0.0,0.0,0.0,5.0,3.0,1.0,1.0,0.0,0.0,0.0,0.0,0.0,0.0,60.0,100.0,False
2,24845,Julian Ryerson,1090,1,13.0,0.0,0.0,0.0,1.0,1.0,0.0,3.0,1.0,0.0,0.0,0.0,0.0,0.0,0.0,6.923,6.923,33.3,,False
2,24866,Douglas Santos,6,1,90.0,0.0,0.0,1.0,0.0,2.0,0.0,5.0,3.0,0.0,0.0,0.0,0.0,0.0,0.0,0.0,2.0,60.0,,True
2,24888,Hwang Hee-chan,17,1,33.0,0.0,0.0,0.0,1.0,0.0,0.0,4.0,2.0,1.0,1.0,0.0,0.0,0.0,0.0,2.727,0.0,50.0,100.0,False
2,22139,Steven Moreira,1533,1,93.0,0.0,0.0,0.0,0.0,3.0,1.0,6.0,4.0,0.0,0.0,0.0,0.0,0.0,0.0,0.0,3.871,66.7,,True
2,18942,Yan Valery,28,1,90.0,0.0,0.0,0.0,0.0,2.0,2.0,7.0,3.0,1.0,1.0,0.0,0.0,0.0,0.0,0.0,4.0,42.9,100.0,True
2,18967,Leo Østigård,1090,1,17.0,0.0,0.0,0.0,0.0,1.0,0.0,2.0,2.0,0.0,0.0,0.0,0.0,0.0,0.0,0.0,5.294,100.0,,False
2,18979,Viktor Gyökeres,5,1,90.0,0.0,0.0,4.0,2.0,1.0,0.0,6.0,3.0,0.0,0.0,0.0,0.0,0.0,0.0,2.0,1.0,50.0,,True
2,18981,Jürgen Locadia,5530,1,83.0,0.0,0.0,0.0,0.0,0.0,0.0,12.0,5.0,2.0,0.0,0.0,0.0,0.0,0.0,0.0,0.0,41.7,0.0,False
2,18997,Leandro Bacuna,5530,1,96.0,0.0,0.0,2.0,1.0,0.0,0.0,7.0,2.0,3.0,1.0,0.0,0.0,0.0,0.0,0.938,0.0,28.6,33.3,True
2,19023,Tim Ream,2384,1,90.0,0.0,0.0,0.0,0.0,0.0,2.0,4.0,2.0,0.0,0.0,0.0,0.0,0.0,0.0,0.0,2.0,50.0,,True
2,19047,Juninho Bacuna,5530,1,75.0,0.0,0.0,1.0,3.0,1.0,0.0,13.0,5.0,5.0,2.0,0.0,0.0,0.0,0.0,3.6,1.2,38.5,40.0,False
2,19066,Grant Hanley,1108,1,96.0,0.0,0.0,0.0,0.0,0.0,0.0,2.0,1.0,0.0,0.0,0.0,0.0,0.0,0.0,0.0,0.0,50.0,,True
2,20665,Jean-Ricner Bellegarde,2386,1,81.0,0.0,0.0,0.0,1.0,0.0,1.0,3.0,1.0,1.0,0.0,0.0,0.0,0.0,0.0,1.111,1.111,33.3,0.0,False
2,19172,Ørjan Nyland,1090,1,90.0,0.0,0.0,0.0,0.0,0.0,0.0,0.0,0.0,0.0,0.0,0.0,0.0,0.0,0.0,0.0,0.0,,,True
2,19191,John McGinn,1108,1,89.0,0.0,0.0,1.0,1.0,0.0,0.0,6.0,3.0,0.0,0.0,0.0,0.0,0.0,0.0,1.011,0.0,50.0,,False
2,19524,Che Adams,1108,1,71.0,0.0,0.0,0.0,1.0,1.0,0.0,5.0,2.0,0.0,0.0,0.0,0.0,0.0,0.0,1.268,1.268,40.0,,False
2,19549,Antonee Robinson,2384,1,80.0,0.0,0.0,0.0,1.0,3.0,2.0,11.0,7.0,3.0,3.0,0.0,0.0,0.0,0.0,1.125,5.625,63.6,100.0,False
2,19599,Emiliano Martínez,26,1,98.0,0.0,0.0,0.0,0.0,0.0,0.0,0.0,0.0,0.0,0.0,0.0,0.0,0.0,0.0,0.0,0.0,,,True
2,19614,Saeid Ezatolahi,22,1,85.0,0.0,0.0,2.0,0.0,3.0,4.0,9.0,4.0,0.0,0.0,0.0,0.0,0.0,0.0,0.0,7.412,44.4,,False
2,20079,Harry Souttar,20,1,90.0,0.0,0.0,0.0,0.0,0.0,0.0,10.0,5.0,0.0,0.0,0.0,0.0,0.0,0.0,0.0,0.0,50.0,,True
2,20457,Cameron Burgess,20,1,45.0,0.0,0.0,0.0,0.0,0.0,1.0,2.0,1.0,0.0,0.0,0.0,0.0,0.0,0.0,0.0,2.0,50.0,,False
2,20655,Jean-Kévin Duverne,2386,1,90.0,0.0,0.0,1.0,0.0,2.0,1.0,7.0,3.0,0.0,0.0,0.0,0.0,0.0,0.0,0.0,3.0,42.9,,True
2,19077,Kenny McLean,1108,1,25.0,0.0,0.0,0.0,1.0,2.0,0.0,3.0,2.0,0.0,0.0,0.0,0.0,0.0,0.0,3.6,7.2,66.7,,False
2,20,Axel Witsel,1,1,0.0,0.0,0.0,0.0,0.0,0.0,0.0,0.0,0.0,0.0,0.0,0.0,,,,,,,,False
2,31,José María Giménez,7,1,0.0,0.0,0.0,0.0,0.0,0.0,0.0,0.0,0.0,0.0,0.0,0.0,,,,,,,,False
2,33,Lucas Hernández,2,1,0.0,0.0,0.0,0.0,0.0,0.0,0.0,0.0,0.0,0.0,0.0,0.0,,,,,,,,False
2,74,Sofyan Amrabat,31,1,0.0,0.0,0.0,0.0,0.0,0.0,0.0,0.0,0.0,0.0,0.0,0.0,,,,,,,,False
2,225,Aziz Behich,20,1,0.0,0.0,0.0,0.0,0.0,0.0,0.0,0.0,0.0,0.0,0.0,0.0,,,,,,,,False
2,299,Fabinho,6,1,0.0,0.0,0.0,0.0,0.0,0.0,0.0,0.0,0.0,0.0,0.0,0.0,,,,,,,,False
2,399,Alexander Nübel,25,1,0.0,0.0,0.0,0.0,0.0,0.0,0.0,0.0,0.0,0.0,0.0,0.0,,,,,,,,False
2,417,Alessandro Schöpf,775,1,0.0,0.0,0.0,0.0,0.0,0.0,0.0,0.0,0.0,0.0,0.0,0.0,,,,,,,,False
2,440,Yuto Nagatomo,12,1,0.0,0.0,0.0,0.0,0.0,0.0,0.0,0.0,0.0,0.0,0.0,0.0,,,,,,,,False
2,509,Alphonso Davies,5529,1,0.0,0.0,0.0,0.0,0.0,0.0,0.0,0.0,0.0,0.0,0.0,0.0,,,,,,,,False
2,563,Alejandro Grimaldo,9,1,0.0,0.0,0.0,0.0,0.0,0.0,0.0,0.0,0.0,0.0,0.0,0.0,,,,,,,,False
2,617,Ederson,6,1,0.0,0.0,0.0,0.0,0.0,0.0,0.0,0.0,0.0,0.0,0.0,0.0,,,,,,,,False
2,619,Eric García,9,1,0.0,0.0,0.0,0.0,0.0,0.0,0.0,0.0,0.0,0.0,0.0,0.0,,,,,,,,False
2,658,Houssem Aouar,1532,1,0.0,0.0,0.0,0.0,0.0,0.0,0.0,0.0,0.0,0.0,0.0,0.0,,,,,,,,False
2,702,Oliver Baumann,25,1,0.0,0.0,0.0,0.0,0.0,0.0,0.0,0.0,0.0,0.0,0.0,0.0,,,,,,,,False
2,719,Florian Grillitsch,775,1,0.0,0.0,0.0,0.0,0.0,0.0,0.0,0.0,0.0,0.0,0.0,0.0,,,,,,,,False
2,750,Álvaro Fidalgo,16,1,0.0,0.0,0.0,0.0,0.0,0.0,0.0,0.0,0.0,0.0,0.0,0.0,,,,,,,,False
2,753,Marcos Llorente,9,1,0.0,0.0,0.0,0.0,0.0,0.0,0.0,0.0,0.0,0.0,0.0,0.0,,,,,,,,False
2,792,Justin Kluivert,1118,1,0.0,0.0,0.0,0.0,0.0,0.0,0.0,0.0,0.0,0.0,0.0,0.0,,,,,,,,False
2,818,Tomáš Chorý,770,1,0.0,0.0,0.0,0.0,0.0,0.0,0.0,0.0,0.0,0.0,0.0,0.0,,,,,,,,False
2,860,Alex Sandro,6,1,0.0,0.0,0.0,0.0,0.0,0.0,0.0,0.0,0.0,0.0,0.0,0.0,,,,,,,,False
2,952,Christian Fassnacht,15,1,0.0,0.0,0.0,0.0,0.0,0.0,0.0,0.0,0.0,0.0,0.0,0.0,,,,,,,,False
2,1106,Craig Gordon,1108,1,0.0,0.0,0.0,0.0,0.0,0.0,0.0,0.0,0.0,0.0,0.0,0.0,,,,,,,,False
2,1138,Tim Weah,2384,1,0.0,0.0,0.0,0.0,0.0,0.0,0.0,0.0,0.0,0.0,0.0,0.0,,,,,,,,False
2,1142,Yvon Mvogo,15,1,0.0,0.0,0.0,0.0,0.0,0.0,0.0,0.0,0.0,0.0,0.0,0.0,,,,,,,,False
2,1145,Ibrahima Konaté,2,1,0.0,0.0,0.0,0.0,0.0,0.0,0.0,0.0,0.0,0.0,0.0,0.0,,,,,,,,False
2,1271,Aurélien Tchouaméni,2,1,0.0,0.0,0.0,0.0,0.0,0.0,0.0,0.0,0.0,0.0,0.0,0.0,,,,,,,,False
2,1494,Jovane Cabral,1533,1,0.0,0.0,0.0,0.0,0.0,0.0,0.0,0.0,0.0,0.0,0.0,0.0,,,,,,,,False
2,1578,Giovani Lo Celso,26,1,0.0,0.0,0.0,0.0,0.0,0.0,0.0,0.0,0.0,0.0,0.0,0.0,,,,,,,,False
2,1725,Dejan Ljubičić,775,1,0.0,0.0,0.0,0.0,0.0,0.0,0.0,0.0,0.0,0.0,0.0,0.0,,,,,,,,False
2,1807,Evan Ndicka,1501,1,0.0,0.0,0.0,0.0,0.0,0.0,0.0,0.0,0.0,0.0,0.0,0.0,,,,,,,,False
2,2032,Jørgen Strand Larsen,1090,1,0.0,0.0,0.0,0.0,0.0,0.0,0.0,0.0,0.0,0.0,0.0,0.0,,,,,,,,False
2,2098,Guillermo Ochoa,16,1,0.0,0.0,0.0,0.0,0.0,0.0,0.0,0.0,0.0,0.0,0.0,0.0,,,,,,,,False
2,2290,N'Golo Kanté,2,1,0.0,0.0,0.0,0.0,0.0,0.0,0.0,0.0,0.0,0.0,0.0,0.0,,,,,,,,False
2,2331,Stopira,1533,1,0.0,0.0,0.0,0.0,0.0,0.0,0.0,0.0,0.0,0.0,0.0,0.0,,,,,,,,False
2,2410,Weverton,6,1,0.0,0.0,0.0,0.0,0.0,0.0,0.0,0.0,0.0,0.0,0.0,0.0,,,,,,,,False
2,2465,Juan Musso,26,1,0.0,0.0,0.0,0.0,0.0,0.0,0.0,0.0,0.0,0.0,0.0,0.0,,,,,,,,False
2,2468,Gonzalo Montiel,26,1,0.0,0.0,0.0,0.0,0.0,0.0,0.0,0.0,0.0,0.0,0.0,0.0,,,,,,,,False
2,2497,Roberto Fernández,2380,1,0.0,0.0,0.0,0.0,0.0,0.0,0.0,0.0,0.0,0.0,0.0,0.0,,,,,,,,False
2,2500,Fabián Balbuena,2380,1,0.0,0.0,0.0,0.0,0.0,0.0,0.0,0.0,0.0,0.0,0.0,0.0,,,,,,,,False
2,2514,Alejandro Romero,2380,1,0.0,0.0,0.0,0.0,0.0,0.0,0.0,0.0,0.0,0.0,0.0,0.0,,,,,,,,False
2,2522,Antonio Sanabria,2380,1,0.0,0.0,0.0,0.0,0.0,0.0,0.0,0.0,0.0,0.0,0.0,0.0,,,,,,,,False
2,2533,Abdelaziz Hatem,1569,1,0.0,0.0,0.0,0.0,0.0,0.0,0.0,0.0,0.0,0.0,0.0,0.0,,,,,,,,False
2,2537,Karim Boudiaf,1569,1,0.0,0.0,0.0,0.0,0.0,0.0,0.0,0.0,0.0,0.0,0.0,0.0,,,,,,,,False
2,2542,Ahmed Alaaeldin,1569,1,0.0,0.0,0.0,0.0,0.0,0.0,0.0,0.0,0.0,0.0,0.0,0.0,,,,,,,,False
2,2543,Almoez Ali,1569,1,0.0,0.0,0.0,0.0,0.0,0.0,0.0,0.0,0.0,0.0,0.0,0.0,,,,,,,,False
2,2545,Hassan Al Haydos,1569,1,0.0,0.0,0.0,0.0,0.0,0.0,0.0,0.0,0.0,0.0,0.0,0.0,,,,,,,,False
2,2575,Jackson Porozo,2382,1,0.0,0.0,0.0,0.0,0.0,0.0,0.0,0.0,0.0,0.0,0.0,0.0,,,,,,,,False
2,2639,Sultan Mandash,23,1,0.0,0.0,0.0,0.0,0.0,0.0,0.0,0.0,0.0,0.0,0.0,0.0,,,,,,,,False
2,2656,Karim Hafez,32,1,0.0,0.0,0.0,0.0,0.0,0.0,0.0,0.0,0.0,0.0,0.0,0.0,,,,,,,,False
2,2660,Nabil Donga,32,1,0.0,0.0,0.0,0.0,0.0,0.0,0.0,0.0,0.0,0.0,0.0,0.0,,,,,,,,False
2,2681,Payam Niazmand,22,1,0.0,0.0,0.0,0.0,0.0,0.0,0.0,0.0,0.0,0.0,0.0,0.0,,,,,,,,False
2,2683,Roozbeh Cheshmi,22,1,0.0,0.0,0.0,0.0,0.0,0.0,0.0,0.0,0.0,0.0,0.0,0.0,,,,,,,,False
2,2702,Munir El Kajoui,31,1,0.0,0.0,0.0,0.0,0.0,0.0,0.0,0.0,0.0,0.0,0.0,0.0,,,,,,,,False
2,2703,Ahmed Reda Tagnaouti,31,1,0.0,0.0,0.0,0.0,0.0,0.0,0.0,0.0,0.0,0.0,0.0,0.0,,,,,,,,False
2,2722,Ayoub El Kaabi,31,1,0.0,0.0,0.0,0.0,0.0,0.0,0.0,0.0,0.0,0.0,0.0,0.0,,,,,,,,False
2,2741,Mathew Ryan,20,1,0.0,0.0,0.0,0.0,0.0,0.0,0.0,0.0,0.0,0.0,0.0,0.0,,,,,,,,False
2,2742,Miloš Degenek,20,1,0.0,0.0,0.0,0.0,0.0,0.0,0.0,0.0,0.0,0.0,0.0,0.0,,,,,,,,False
2,2755,Awer Mabil,20,1,0.0,0.0,0.0,0.0,0.0,0.0,0.0,0.0,0.0,0.0,0.0,0.0,,,,,,,,False
2,2810,Denis Zakaria,15,1,0.0,0.0,0.0,0.0,0.0,0.0,0.0,0.0,0.0,0.0,0.0,0.0,,,,,,,,False
2,2860,Ken Sema,5,1,0.0,0.0,0.0,0.0,0.0,0.0,0.0,0.0,0.0,0.0,0.0,0.0,,,,,,,,False
2,2889,Alexis Vega,16,1,0.0,0.0,0.0,0.0,0.0,0.0,0.0,0.0,0.0,0.0,0.0,0.0,,,,,,,,False
2,2890,Jo Hyeonwoo,17,1,0.0,0.0,0.0,0.0,0.0,0.0,0.0,0.0,0.0,0.0,0.0,0.0,,,,,,,,False
2,3243,Jean Michaël Seri,1501,1,0.0,0.0,0.0,0.0,0.0,0.0,0.0,0.0,0.0,0.0,0.0,0.0,,,,,,,,False
2,4414,Oussama Benbot,1532,1,0.0,0.0,0.0,0.0,0.0,0.0,0.0,0.0,0.0,0.0,0.0,0.0,,,,,,,,False
2,4569,Mohamed Tougai,1532,1,0.0,0.0,0.0,0.0,0.0,0.0,0.0,0.0,0.0,0.0,0.0,0.0,,,,,,,,False
2,6002,Exequiel Palacios,26,1,0.0,0.0,0.0,0.0,0.0,0.0,0.0,0.0,0.0,0.0,0.0,0.0,,,,,,,,False
2,6610,Marcos Senesi,26,1,0.0,0.0,0.0,0.0,0.0,0.0,0.0,0.0,0.0,0.0,0.0,0.0,,,,,,,,False
2,6832,Cameron Devlin,20,1,0.0,0.0,0.0,0.0,0.0,0.0,0.0,0.0,0.0,0.0,0.0,0.0,,,,,,,,False
2,6865,Kosta Barbarouses,4673,1,0.0,0.0,0.0,0.0,0.0,0.0,0.0,0.0,0.0,0.0,0.0,0.0,,,,,,,,False
2,6870,Paul Izzo,20,1,0.0,0.0,0.0,0.0,0.0,0.0,0.0,0.0,0.0,0.0,0.0,0.0,,,,,,,,False
2,6932,Callan Elliot,4673,1,0.0,0.0,0.0,0.0,0.0,0.0,0.0,0.0,0.0,0.0,0.0,0.0,,,,,,,,False
2,6934,Alex Rufer,4673,1,0.0,0.0,0.0,0.0,0.0,0.0,0.0,0.0,0.0,0.0,0.0,0.0,,,,,,,,False
2,6938,Ben Waine,4673,1,0.0,0.0,0.0,0.0,0.0,0.0,0.0,0.0,0.0,0.0,0.0,0.0,,,,,,,,False
2,7090,Michael Svoboda,775,1,0.0,0.0,0.0,0.0,0.0,0.0,0.0,0.0,0.0,0.0,0.0,0.0,,,,,,,,False
2,7598,Patrick Pentz,775,1,0.0,0.0,0.0,0.0,0.0,0.0,0.0,0.0,0.0,0.0,0.0,0.0,,,,,,,,False
2,7722,Saša Kalajdžić,775,1,0.0,0.0,0.0,0.0,0.0,0.0,0.0,0.0,0.0,0.0,0.0,0.0,,,,,,,,False
2,8450,Abdoulaye Seck,13,1,0.0,0.0,0.0,0.0,0.0,0.0,0.0,0.0,0.0,0.0,0.0,0.0,,,,,,,,False
2,8486,Eric Smith,5,1,0.0,0.0,0.0,0.0,0.0,0.0,0.0,0.0,0.0,0.0,0.0,0.0,,,,,,,,False
2,8794,George Hirst,1108,1,0.0,0.0,0.0,0.0,0.0,0.0,0.0,0.0,0.0,0.0,0.0,0.0,,,,,,,,False
2,10124,Léo Pereira,6,1,0.0,0.0,0.0,0.0,0.0,0.0,0.0,0.0,0.0,0.0,0.0,0.0,,,,,,,,False
2,14301,Stjepan Radeljić,1113,1,0.0,0.0,0.0,0.0,0.0,0.0,0.0,0.0,0.0,0.0,0.0,0.0,,,,,,,,False
2,14379,Cherif Ndiaye,13,1,0.0,0.0,0.0,0.0,0.0,0.0,0.0,0.0,0.0,0.0,0.0,0.0,,,,,,,,False
2,15683,Gustaf Nilsson,5,1,0.0,0.0,0.0,0.0,0.0,0.0,0.0,0.0,0.0,0.0,0.0,0.0,,,,,,,,False
2,15769,Frans Putros,1567,1,0.0,0.0,0.0,0.0,0.0,0.0,0.0,0.0,0.0,0.0,0.0,0.0,,,,,,,,False
2,16482,Rodrigo Aguirre,7,1,0.0,0.0,0.0,0.0,0.0,0.0,0.0,0.0,0.0,0.0,0.0,0.0,,,,,,,,False
2,16642,Gonzalo Valle,2382,1,0.0,0.0,0.0,0.0,0.0,0.0,0.0,0.0,0.0,0.0,0.0,0.0,,,,,,,,False
2,16797,Mohamed El-Shenawy,32,1,0.0,0.0,0.0,0.0,0.0,0.0,0.0,0.0,0.0,0.0,0.0,0.0,,,,,,,,False
2,16831,Mahdi Soliman,32,1,0.0,0.0,0.0,0.0,0.0,0.0,0.0,0.0,0.0,0.0,0.0,0.0,,,,,,,,False
2,18592,Iliman Ndiaye,13,1,0.0,0.0,0.0,0.0,0.0,0.0,0.0,0.0,0.0,0.0,0.0,0.0,,,,,,,,False
2,18776,Çağlar Söyüncü,777,1,0.0,0.0,0.0,0.0,0.0,0.0,0.0,0.0,0.0,0.0,0.0,0.0,,,,,,,,False
2,18861,Nathan Aké,1118,1,0.0,0.0,0.0,0.0,0.0,0.0,0.0,0.0,0.0,0.0,0.0,0.0,,,,,,,,False
2,18970,Pascal Groß,25,1,0.0,0.0,0.0,0.0,0.0,0.0,0.0,0.0,0.0,0.0,0.0,0.0,,,,,,,,False
2,19465,David Raya,9,1,0.0,0.0,0.0,0.0,0.0,0.0,0.0,0.0,0.0,0.0,0.0,0.0,,,,,,,,False
2,19987,Dominic Hyam,1108,1,0.0,0.0,0.0,0.0,0.0,0.0,0.0,0.0,0.0,0.0,0.0,0.0,,,,,,,,False
2,20566,Yehvann Diouf,13,1,0.0,0.0,0.0,0.0,0.0,0.0,0.0,0.0,0.0,0.0,0.0,0.0,,,,,,,,False
2,20836,Christopher Operi,1501,1,0.0,0.0,0.0,0.0,0.0,0.0,0.0,0.0,0.0,0.0,0.0,0.0,,,,,,,,False
2,20844,Haissem Hassan,32,1,0.0,0.0,0.0,0.0,0.0,0.0,0.0,0.0,0.0,0.0,0.0,0.0,,,,,,,,False
2,20869,Samir Sophian Chergui,1532,1,0.0,0.0,0.0,0.0,0.0,0.0,0.0,0.0,0.0,0.0,0.0,0.0,,,,,,,,False
2,20995,Maxence Lacroix,2,1,0.0,0.0,0.0,0.0,0.0,0.0,0.0,0.0,0.0,0.0,0.0,0.0,,,,,,,,False
2,21628,Brice Samba,2,1,0.0,0.0,0.0,0.0,0.0,0.0,0.0,0.0,0.0,0.0,0.0,0.0,,,,,,,,False
2,21997,Logan Costa,1533,1,0.0,0.0,0.0,0.0,0.0,0.0,0.0,0.0,0.0,0.0,0.0,0.0,,,,,,,,False
2,22222,Zeki Çelik,777,1,0.0,0.0,0.0,0.0,0.0,0.0,0.0,0.0,0.0,0.0,0.0,0.0,,,,,,,,False
2,24807,Salih Özcan,777,1,0.0,0.0,0.0,0.0,0.0,0.0,0.0,0.0,0.0,0.0,0.0,0.0,,,,,,,,False
2,25129,Dženis Burnić,1113,1,0.0,0.0,0.0,0.0,0.0,0.0,0.0,0.0,0.0,0.0,0.0,0.0,,,,,,,,False
2,25158,David Raum,25,1,0.0,0.0,0.0,0.0,0.0,0.0,0.0,0.0,0.0,0.0,0.0,0.0,,,,,,,,False
2,25368,Waldemar Anton,25,1,0.0,0.0,0.0,0.0,0.0,0.0,0.0,0.0,0.0,0.0,0.0,0.0,,,,,,,,False
2,25416,Wout Weghorst,1118,1,0.0,0.0,0.0,0.0,0.0,0.0,0.0,0.0,0.0,0.0,0.0,0.0,,,,,,,,False
2,25448,Kaan Ayhan,777,1,0.0,0.0,0.0,0.0,0.0,0.0,0.0,0.0,0.0,0.0,0.0,0.0,,,,,,,,False
2,25915,Phillipp Mwene,775,1,0.0,0.0,0.0,0.0,0.0,0.0,0.0,0.0,0.0,0.0,0.0,0.0,,,,,,,,False
2,25927,Jean-Philippe Mateta,2,1,0.0,0.0,0.0,0.0,0.0,0.0,0.0,0.0,0.0,0.0,0.0,0.0,,,,,,,,False
2,26161,Logan Rogerson,4673,1,0.0,0.0,0.0,0.0,0.0,0.0,0.0,0.0,0.0,0.0,0.0,0.0,,,,,,,,False
2,26232,Mark Flekken,1118,1,0.0,0.0,0.0,0.0,0.0,0.0,0.0,0.0,0.0,0.0,0.0,0.0,,,,,,,,False
2,26240,Philipp Lienhart,775,1,0.0,0.0,0.0,0.0,0.0,0.0,0.0,0.0,0.0,0.0,0.0,0.0,,,,,,,,False
2,26300,Ozan Kabak,777,1,0.0,0.0,0.0,0.0,0.0,0.0,0.0,0.0,0.0,0.0,0.0,0.0,,,,,,,,False
2,28382,Haris Tabaković,1113,1,0.0,0.0,0.0,0.0,0.0,0.0,0.0,0.0,0.0,0.0,0.0,0.0,,,,,,,,False
2,29720,Ali Alipour,22,1,0.0,0.0,0.0,0.0,0.0,0.0,0.0,0.0,0.0,0.0,0.0,0.0,,,,,,,,False
2,29755,Hossein Hosseini,22,1,0.0,0.0,0.0,0.0,0.0,0.0,0.0,0.0,0.0,0.0,0.0,0.0,,,,,,,,False
2,29781,Mehdi Ghayedi,22,1,0.0,0.0,0.0,0.0,0.0,0.0,0.0,0.0,0.0,0.0,0.0,0.0,,,,,,,,False
2,30393,Alban Lafont,1501,1,0.0,0.0,0.0,0.0,0.0,0.0,0.0,0.0,0.0,0.0,0.0,0.0,,,,,,,,False
2,30424,Roger Ibañez,6,1,0.0,0.0,0.0,0.0,0.0,0.0,0.0,0.0,0.0,0.0,0.0,0.0,,,,,,,,False
2,30432,Marten de Roon,1118,1,0.0,0.0,0.0,0.0,0.0,0.0,0.0,0.0,0.0,0.0,0.0,0.0,,,,,,,,False
2,30484,Mattias Svanberg,5,1,0.0,0.0,0.0,0.0,0.0,0.0,0.0,0.0,0.0,0.0,0.0,0.0,,,,,,,,False
2,30497,Bremer,6,1,0.0,0.0,0.0,0.0,0.0,0.0,0.0,0.0,0.0,0.0,0.0,0.0,,,,,,,,False
2,32858,Tsuyoshi Watanabe,12,1,0.0,0.0,0.0,0.0,0.0,0.0,0.0,0.0,0.0,0.0,0.0,0.0,,,,,,,,False
2,32954,Shogo Taniguchi,12,1,0.0,0.0,0.0,0.0,0.0,0.0,0.0,0.0,0.0,0.0,0.0,0.0,,,,,,,,False
2,33034,Keisuke Osako,12,1,0.0,0.0,0.0,0.0,0.0,0.0,0.0,0.0,0.0,0.0,0.0,0.0,,,,,,,,False
2,33224,Daizen Maeda,12,1,0.0,0.0,0.0,0.0,0.0,0.0,0.0,0.0,0.0,0.0,0.0,0.0,,,,,,,,False
2,33289,Koki Ogawa,12,1,0.0,0.0,0.0,0.0,0.0,0.0,0.0,0.0,0.0,0.0,0.0,0.0,,,,,,,,False
2,34168,Jin-gyu Kim,17,1,0.0,0.0,0.0,0.0,0.0,0.0,0.0,0.0,0.0,0.0,0.0,0.0,,,,,,,,False
2,34374,Song Bum-keun,17,1,0.0,0.0,0.0,0.0,0.0,0.0,0.0,0.0,0.0,0.0,0.0,0.0,,,,,,,,False
2,34418,Kim Tae-hyeon,17,1,0.0,0.0,0.0,0.0,0.0,0.0,0.0,0.0,0.0,0.0,0.0,0.0,,,,,,,,False
2,34431,Dong-gyeong Lee,17,1,0.0,0.0,0.0,0.0,0.0,0.0,0.0,0.0,0.0,0.0,0.0,0.0,,,,,,,,False
2,35690,Luis Chávez,16,1,0.0,0.0,0.0,0.0,0.0,0.0,0.0,0.0,0.0,0.0,0.0,0.0,,,,,,,,False
2,35769,Carlos Acevedo,16,1,0.0,0.0,0.0,0.0,0.0,0.0,0.0,0.0,0.0,0.0,0.0,0.0,,,,,,,,False
2,35885,Alex Zendejas,2384,1,0.0,0.0,0.0,0.0,0.0,0.0,0.0,0.0,0.0,0.0,0.0,0.0,,,,,,,,False
2,36088,Guillermo Martínez,16,1,0.0,0.0,0.0,0.0,0.0,0.0,0.0,0.0,0.0,0.0,0.0,0.0,,,,,,,,False
2,36777,Michael Woud,4673,1,0.0,0.0,0.0,0.0,0.0,0.0,0.0,0.0,0.0,0.0,0.0,0.0,,,,,,,,False
2,36967,Trevor Iriving Doornbusch,5530,1,0.0,0.0,0.0,0.0,0.0,0.0,0.0,0.0,0.0,0.0,0.0,0.0,,,,,,,,False
2,36980,Morten Thorsby,1090,1,0.0,0.0,0.0,0.0,0.0,0.0,0.0,0.0,0.0,0.0,0.0,0.0,,,,,,,,False
2,37143,Lutsharel Geertruida,1118,1,0.0,0.0,0.0,0.0,0.0,0.0,0.0,0.0,0.0,0.0,0.0,0.0,,,,,,,,False
2,37175,Riechedly Bazoer,5530,1,0.0,0.0,0.0,0.0,0.0,0.0,0.0,0.0,0.0,0.0,0.0,0.0,,,,,,,,False
2,37272,Brandley Kuwas,5530,1,0.0,0.0,0.0,0.0,0.0,0.0,0.0,0.0,0.0,0.0,0.0,0.0,,,,,,,,False
2,37461,Kevin Felida,5530,1,0.0,0.0,0.0,0.0,0.0,0.0,0.0,0.0,0.0,0.0,0.0,0.0,,,,,,,,False
2,37892,Dennis Eckert Ayensa,22,1,0.0,0.0,0.0,0.0,0.0,0.0,0.0,0.0,0.0,0.0,0.0,0.0,,,,,,,,False
2,38123,Ajdin Hrustić,20,1,0.0,0.0,0.0,0.0,0.0,0.0,0.0,0.0,0.0,0.0,0.0,0.0,,,,,,,,False
2,39058,Fredrik André Bjørkan,1090,1,0.0,0.0,0.0,0.0,0.0,0.0,0.0,0.0,0.0,0.0,0.0,0.0,,,,,,,,False
2,39073,Jens Petter Hauge,1090,1,0.0,0.0,0.0,0.0,0.0,0.0,0.0,0.0,0.0,0.0,0.0,0.0,,,,,,,,False
2,39082,Egil Selvik,1090,1,0.0,0.0,0.0,0.0,0.0,0.0,0.0,0.0,0.0,0.0,0.0,0.0,,,,,,,,False
2,39143,Kristian Thorstvedt,1090,1,0.0,0.0,0.0,0.0,0.0,0.0,0.0,0.0,0.0,0.0,0.0,0.0,,,,,,,,False
2,41764,Márcio Rosa,1533,1,0.0,0.0,0.0,0.0,0.0,0.0,0.0,0.0,0.0,0.0,0.0,0.0,,,,,,,,False
2,42021,Meshaal Barsham,1569,1,0.0,0.0,0.0,0.0,0.0,0.0,0.0,0.0,0.0,0.0,0.0,0.0,,,,,,,,False
2,42089,Mohammed Muntari,1569,1,0.0,0.0,0.0,0.0,0.0,0.0,0.0,0.0,0.0,0.0,0.0,0.0,,,,,,,,False
2,42286,Ahmed Al-Ganehi,1569,1,0.0,0.0,0.0,0.0,0.0,0.0,0.0,0.0,0.0,0.0,0.0,0.0,,,,,,,,False
2,44335,Hassan Kadesh,23,1,0.0,0.0,0.0,0.0,0.0,0.0,0.0,0.0,0.0,0.0,0.0,0.0,,,,,,,,False
2,44367,Ali Majrashi,23,1,0.0,0.0,0.0,0.0,0.0,0.0,0.0,0.0,0.0,0.0,0.0,0.0,,,,,,,,False
2,44449,Ahmed Al-Kassar,23,1,0.0,0.0,0.0,0.0,0.0,0.0,0.0,0.0,0.0,0.0,0.0,0.0,,,,,,,,False
2,44551,Saleh Al-Shehri,23,1,0.0,0.0,0.0,0.0,0.0,0.0,0.0,0.0,0.0,0.0,0.0,0.0,,,,,,,,False
2,44798,Liam Millar,5529,1,0.0,0.0,0.0,0.0,0.0,0.0,0.0,0.0,0.0,0.0,0.0,0.0,,,,,,,,False
2,44811,Scott McKenna,1108,1,0.0,0.0,0.0,0.0,0.0,0.0,0.0,0.0,0.0,0.0,0.0,0.0,,,,,,,,False
2,44865,John Souttar,1108,1,0.0,0.0,0.0,0.0,0.0,0.0,0.0,0.0,0.0,0.0,0.0,0.0,,,,,,,,False
2,44871,Aaron Hickey,1108,1,0.0,0.0,0.0,0.0,0.0,0.0,0.0,0.0,0.0,0.0,0.0,0.0,,,,,,,,False
2,44937,Liam Kelly,1108,1,0.0,0.0,0.0,0.0,0.0,0.0,0.0,0.0,0.0,0.0,0.0,0.0,,,,,,,,False
2,45020,Duckens Nazon,2386,1,0.0,0.0,0.0,0.0,0.0,0.0,0.0,0.0,0.0,0.0,0.0,0.0,,,,,,,,False
2,45175,Lawrence Shankland,1108,1,0.0,0.0,0.0,0.0,0.0,0.0,0.0,0.0,0.0,0.0,0.0,0.0,,,,,,,,False
2,46245,Ricardo Goss,1531,1,0.0,0.0,0.0,0.0,0.0,0.0,0.0,0.0,0.0,0.0,0.0,0.0,,,,,,,,False
2,46417,Sipho Chaine,1531,1,0.0,0.0,0.0,0.0,0.0,0.0,0.0,0.0,0.0,0.0,0.0,0.0,,,,,,,,False
2,46458,Nkosinathi Sibisi,1531,1,0.0,0.0,0.0,0.0,0.0,0.0,0.0,0.0,0.0,0.0,0.0,0.0,,,,,,,,False
2,47296,Gerónimo Rulli,26,1,0.0,0.0,0.0,0.0,0.0,0.0,0.0,0.0,0.0,0.0,0.0,0.0,,,,,,,,False
2,47300,Theo Hernández,2,1,0.0,0.0,0.0,0.0,0.0,0.0,0.0,0.0,0.0,0.0,0.0,0.0,,,,,,,,False
2,47315,Martín Zubimendi,9,1,0.0,0.0,0.0,0.0,0.0,0.0,0.0,0.0,0.0,0.0,0.0,0.0,,,,,,,,False
2,47348,Borja Iglesias,9,1,0.0,0.0,0.0,0.0,0.0,0.0,0.0,0.0,0.0,0.0,0.0,0.0,,,,,,,,False
2,47903,Hjalmar Ekdal,5,1,0.0,0.0,0.0,0.0,0.0,0.0,0.0,0.0,0.0,0.0,0.0,0.0,,,,,,,,False
2,47988,Carl Starfelt,5,1,0.0,0.0,0.0,0.0,0.0,0.0,0.0,0.0,0.0,0.0,0.0,0.0,,,,,,,,False
2,48025,Kevin Yakob,1567,1,0.0,0.0,0.0,0.0,0.0,0.0,0.0,0.0,0.0,0.0,0.0,0.0,,,,,,,,False
2,48033,Jacob Widell Zetterström,5,1,0.0,0.0,0.0,0.0,0.0,0.0,0.0,0.0,0.0,0.0,0.0,0.0,,,,,,,,False
2,48372,Eray Cömert,15,1,0.0,0.0,0.0,0.0,0.0,0.0,0.0,0.0,0.0,0.0,0.0,0.0,,,,,,,,False
2,48389,Noah Okafor,15,1,0.0,0.0,0.0,0.0,0.0,0.0,0.0,0.0,0.0,0.0,0.0,0.0,,,,,,,,False
2,48535,Yassin Fortune,2386,1,0.0,0.0,0.0,0.0,0.0,0.0,0.0,0.0,0.0,0.0,0.0,0.0,,,,,,,,False
2,49423,Sabri Ben Hessen,28,1,0.0,0.0,0.0,0.0,0.0,0.0,0.0,0.0,0.0,0.0,0.0,0.0,,,,,,,,False
2,49469,Mortadha Ben Ouanes,28,1,0.0,0.0,0.0,0.0,0.0,0.0,0.0,0.0,0.0,0.0,0.0,0.0,,,,,,,,False
2,49837,Mert Günok,777,1,0.0,0.0,0.0,0.0,0.0,0.0,0.0,0.0,0.0,0.0,0.0,0.0,,,,,,,,False
2,49857,İrfan Can Kahveci,777,1,0.0,0.0,0.0,0.0,0.0,0.0,0.0,0.0,0.0,0.0,0.0,0.0,,,,,,,,False
2,50042,Marwane Saadane,31,1,0.0,0.0,0.0,0.0,0.0,0.0,0.0,0.0,0.0,0.0,0.0,0.0,,,,,,,,False
2,50077,Sergio Rochet,7,1,0.0,0.0,0.0,0.0,0.0,0.0,0.0,0.0,0.0,0.0,0.0,0.0,,,,,,,,False
2,50132,Altay Bayındır,777,1,0.0,0.0,0.0,0.0,0.0,0.0,0.0,0.0,0.0,0.0,0.0,0.0,,,,,,,,False
2,50735,Mark McKenzie,2384,1,0.0,0.0,0.0,0.0,0.0,0.0,0.0,0.0,0.0,0.0,0.0,0.0,,,,,,,,False
2,50739,Brenden Aaronson,2384,1,0.0,0.0,0.0,0.0,0.0,0.0,0.0,0.0,0.0,0.0,0.0,0.0,,,,,,,,False
2,50788,Mathieu Choinière,5529,1,0.0,0.0,0.0,0.0,0.0,0.0,0.0,0.0,0.0,0.0,0.0,0.0,,,,,,,,False
2,50817,Jonathan Osorio,5529,1,0.0,0.0,0.0,0.0,0.0,0.0,0.0,0.0,0.0,0.0,0.0,0.0,,,,,,,,False
2,50879,Miles Robinson,2384,1,0.0,0.0,0.0,0.0,0.0,0.0,0.0,0.0,0.0,0.0,0.0,0.0,,,,,,,,False
2,50999,Matt Turner,2384,1,0.0,0.0,0.0,0.0,0.0,0.0,0.0,0.0,0.0,0.0,0.0,0.0,,,,,,,,False
2,51114,Cristian Roldán,2384,1,0.0,0.0,0.0,0.0,0.0,0.0,0.0,0.0,0.0,0.0,0.0,0.0,,,,,,,,False
2,51148,Dayne St. Clair,5529,1,0.0,0.0,0.0,0.0,0.0,0.0,0.0,0.0,0.0,0.0,0.0,0.0,,,,,,,,False
2,51307,Tommy Smith,4673,1,0.0,0.0,0.0,0.0,0.0,0.0,0.0,0.0,0.0,0.0,0.0,0.0,,,,,,,,False
2,51466,Joaquín Piquerez,7,1,0.0,0.0,0.0,0.0,0.0,0.0,0.0,0.0,0.0,0.0,0.0,0.0,,,,,,,,False
2,51572,Matías Viña,7,1,0.0,0.0,0.0,0.0,0.0,0.0,0.0,0.0,0.0,0.0,0.0,0.0,,,,,,,,False
2,51733,Gastón Olveira,2380,1,0.0,0.0,0.0,0.0,0.0,0.0,0.0,0.0,0.0,0.0,0.0,0.0,,,,,,,,False
2,53517,Dennis Hadžikadunić,1113,1,0.0,0.0,0.0,0.0,0.0,0.0,0.0,0.0,0.0,0.0,0.0,0.0,,,,,,,,False
2,53886,Jalal Hassan,1567,1,0.0,0.0,0.0,0.0,0.0,0.0,0.0,0.0,0.0,0.0,0.0,0.0,,,,,,,,False
2,61895,Santiago Mele,7,1,0.0,0.0,0.0,0.0,0.0,0.0,0.0,0.0,0.0,0.0,0.0,0.0,,,,,,,,False
2,62490,Samet Akaydın,777,1,0.0,0.0,0.0,0.0,0.0,0.0,0.0,0.0,0.0,0.0,0.0,0.0,,,,,,,,False
2,63964,Félix Torres,2382,1,0.0,0.0,0.0,0.0,0.0,0.0,0.0,0.0,0.0,0.0,0.0,0.0,,,,,,,,False
2,66214,David Douděra,770,1,0.0,0.0,0.0,0.0,0.0,0.0,0.0,0.0,0.0,0.0,0.0,0.0,,,,,,,,False
2,66275,Mojmír Chytil,770,1,0.0,0.0,0.0,0.0,0.0,0.0,0.0,0.0,0.0,0.0,0.0,0.0,,,,,,,,False
2,66340,Jan Kuchta,770,1,0.0,0.0,0.0,0.0,0.0,0.0,0.0,0.0,0.0,0.0,0.0,0.0,,,,,,,,False
2,66347,Jindřich Staněk,770,1,0.0,0.0,0.0,0.0,0.0,0.0,0.0,0.0,0.0,0.0,0.0,0.0,,,,,,,,False
2,67195,Mohamed Belhadj Mahmoud,28,1,0.0,0.0,0.0,0.0,0.0,0.0,0.0,0.0,0.0,0.0,0.0,0.0,,,,,,,,False
2,69196,Mahmoud Saber,32,1,0.0,0.0,0.0,0.0,0.0,0.0,0.0,0.0,0.0,0.0,0.0,0.0,,,,,,,,False
2,70078,Facundo Pellistri,7,1,0.0,0.0,0.0,0.0,0.0,0.0,0.0,0.0,0.0,0.0,0.0,0.0,,,,,,,,False
2,70514,Armin Gigović,1113,1,0.0,0.0,0.0,0.0,0.0,0.0,0.0,0.0,0.0,0.0,0.0,0.0,,,,,,,,False
2,70535,Ibrahim Adel,32,1,0.0,0.0,0.0,0.0,0.0,0.0,0.0,0.0,0.0,0.0,0.0,0.0,,,,,,,,False
2,70767,Braian Ojeda,2380,1,0.0,0.0,0.0,0.0,0.0,0.0,0.0,0.0,0.0,0.0,0.0,0.0,,,,,,,,False
2,76867,Nihad Mujakić,1113,1,0.0,0.0,0.0,0.0,0.0,0.0,0.0,0.0,0.0,0.0,0.0,0.0,,,,,,,,False
2,78494,Joel Waterman,5529,1,0.0,0.0,0.0,0.0,0.0,0.0,0.0,0.0,0.0,0.0,0.0,0.0,,,,,,,,False
2,81224,Moisés Ramírez,2382,1,0.0,0.0,0.0,0.0,0.0,0.0,0.0,0.0,0.0,0.0,0.0,0.0,,,,,,,,False
2,92993,Mats Wieffer,1118,1,0.0,0.0,0.0,0.0,0.0,0.0,0.0,0.0,0.0,0.0,0.0,0.0,,,,,,,,False
2,94344,Nando Pijnaker,4673,1,0.0,0.0,0.0,0.0,0.0,0.0,0.0,0.0,0.0,0.0,0.0,0.0,,,,,,,,False
2,94360,Alex Paulsen,4673,1,0.0,0.0,0.0,0.0,0.0,0.0,0.0,0.0,0.0,0.0,0.0,0.0,,,,,,,,False
2,95460,Alex Arce,2380,1,0.0,0.0,0.0,0.0,0.0,0.0,0.0,0.0,0.0,0.0,0.0,0.0,,,,,,,,False
2,98936,Lyle Foster,1531,1,0.0,0.0,0.0,0.0,0.0,0.0,0.0,0.0,0.0,0.0,0.0,0.0,,,,,,,,False
2,99211,Jin-seob Park,17,1,0.0,0.0,0.0,0.0,0.0,0.0,0.0,0.0,0.0,0.0,0.0,0.0,,,,,,,,False
2,102505,Duke Lacroix,2386,1,0.0,0.0,0.0,0.0,0.0,0.0,0.0,0.0,0.0,0.0,0.0,0.0,,,,,,,,False
2,102538,Mo Abualnadi,1548,1,0.0,0.0,0.0,0.0,0.0,0.0,0.0,0.0,0.0,0.0,0.0,0.0,,,,,,,,False
2,104242,Rajaei Ayed,1548,1,0.0,0.0,0.0,0.0,0.0,0.0,0.0,0.0,0.0,0.0,0.0,0.0,,,,,,,,False
2,104244,Mohammad Al Daoud,1548,1,0.0,0.0,0.0,0.0,0.0,0.0,0.0,0.0,0.0,0.0,0.0,0.0,,,,,,,,False
2,106485,Mauricio,2380,1,0.0,0.0,0.0,0.0,0.0,0.0,0.0,0.0,0.0,0.0,0.0,0.0,,,,,,,,False
2,108370,Martin Zlomislić,1113,1,0.0,0.0,0.0,0.0,0.0,0.0,0.0,0.0,0.0,0.0,0.0,0.0,,,,,,,,False
2,108563,Rodrigo Zalazar,7,1,0.0,0.0,0.0,0.0,0.0,0.0,0.0,0.0,0.0,0.0,0.0,0.0,,,,,,,,False
2,113580,Willy Semedo,1533,1,0.0,0.0,0.0,0.0,0.0,0.0,0.0,0.0,0.0,0.0,0.0,0.0,,,,,,,,False
2,119128,Gustavo Caballero,2380,1,0.0,0.0,0.0,0.0,0.0,0.0,0.0,0.0,0.0,0.0,0.0,0.0,,,,,,,,False
2,123468,Marvin Keller,15,1,0.0,0.0,0.0,0.0,0.0,0.0,0.0,0.0,0.0,0.0,0.0,0.0,,,,,,,,False
2,123469,Zeki Amdouni,15,1,0.0,0.0,0.0,0.0,0.0,0.0,0.0,0.0,0.0,0.0,0.0,0.0,,,,,,,,False
2,123742,Josué Duverger,2386,1,0.0,0.0,0.0,0.0,0.0,0.0,0.0,0.0,0.0,0.0,0.0,0.0,,,,,,,,False
2,123802,Fahad Talib,1567,1,0.0,0.0,0.0,0.0,0.0,0.0,0.0,0.0,0.0,0.0,0.0,0.0,,,,,,,,False
2,126640,David Affengruber,775,1,0.0,0.0,0.0,0.0,0.0,0.0,0.0,0.0,0.0,0.0,0.0,0.0,,,,,,,,False
2,134590,Oğuz Aydın,777,1,0.0,0.0,0.0,0.0,0.0,0.0,0.0,0.0,0.0,0.0,0.0,0.0,,,,,,,,False
2,134995,Nawaf Boushal,23,1,0.0,0.0,0.0,0.0,0.0,0.0,0.0,0.0,0.0,0.0,0.0,0.0,,,,,,,,False
2,135334,Santiago Bueno,7,1,0.0,0.0,0.0,0.0,0.0,0.0,0.0,0.0,0.0,0.0,0.0,0.0,,,,,,,,False
2,136503,Salah Zakaria,1569,1,0.0,0.0,0.0,0.0,0.0,0.0,0.0,0.0,0.0,0.0,0.0,0.0,,,,,,,,False
2,137210,Angelo Stiller,25,1,0.0,0.0,0.0,0.0,0.0,0.0,0.0,0.0,0.0,0.0,0.0,0.0,,,,,,,,False
2,142016,João Paulo,1533,1,0.0,0.0,0.0,0.0,0.0,0.0,0.0,0.0,0.0,0.0,0.0,0.0,,,,,,,,False
2,146772,Youssef Belammari,31,1,0.0,0.0,0.0,0.0,0.0,0.0,0.0,0.0,0.0,0.0,0.0,0.0,,,,,,,,False
2,147812,Ayman Yahya,23,1,0.0,0.0,0.0,0.0,0.0,0.0,0.0,0.0,0.0,0.0,0.0,0.0,,,,,,,,False
2,147859,Charles De Ketelaere,1,1,0.0,0.0,0.0,0.0,0.0,0.0,0.0,0.0,0.0,0.0,0.0,0.0,,,,,,,,False
2,153083,Emiliano Martínez,7,1,0.0,0.0,0.0,0.0,0.0,0.0,0.0,0.0,0.0,0.0,0.0,0.0,,,,,,,,False
2,153622,Kai Trewin,20,1,0.0,0.0,0.0,0.0,0.0,0.0,0.0,0.0,0.0,0.0,0.0,0.0,,,,,,,,False
2,154767,Mohanad Ali,1567,1,0.0,0.0,0.0,0.0,0.0,0.0,0.0,0.0,0.0,0.0,0.0,0.0,,,,,,,,False
2,158054,Nick Woltemade,25,1,0.0,0.0,0.0,0.0,0.0,0.0,0.0,0.0,0.0,0.0,0.0,0.0,,,,,,,,False
2,158644,Maximilian Beier,25,1,0.0,0.0,0.0,0.0,0.0,0.0,0.0,0.0,0.0,0.0,0.0,0.0,,,,,,,,False
2,158700,Viktor Johansson,5,1,0.0,0.0,0.0,0.0,0.0,0.0,0.0,0.0,0.0,0.0,0.0,0.0,,,,,,,,False
2,161504,Herman Johansson,5,1,0.0,0.0,0.0,0.0,0.0,0.0,0.0,0.0,0.0,0.0,0.0,0.0,,,,,,,,False
2,161884,Sontje Hansen,5530,1,0.0,0.0,0.0,0.0,0.0,0.0,0.0,0.0,0.0,0.0,0.0,0.0,,,,,,,,False
2,162141,Koni De Winter,1,1,0.0,0.0,0.0,0.0,0.0,0.0,0.0,0.0,0.0,0.0,0.0,0.0,,,,,,,,False
2,162199,Ar'Jany Martha,5530,1,0.0,0.0,0.0,0.0,0.0,0.0,0.0,0.0,0.0,0.0,0.0,0.0,,,,,,,,False
2,162414,Aurèle Amenda,15,1,0.0,0.0,0.0,0.0,0.0,0.0,0.0,0.0,0.0,0.0,0.0,0.0,,,,,,,,False
2,162451,Anass Salah-Eddine,31,1,0.0,0.0,0.0,0.0,0.0,0.0,0.0,0.0,0.0,0.0,0.0,0.0,,,,,,,,False
2,162511,Senne Lammens,1,1,0.0,0.0,0.0,0.0,0.0,0.0,0.0,0.0,0.0,0.0,0.0,0.0,,,,,,,,False
2,162707,Elye Wahi,1501,1,0.0,0.0,0.0,0.0,0.0,0.0,0.0,0.0,0.0,0.0,0.0,0.0,,,,,,,,False
2,162714,Amadou Onana,1,1,0.0,0.0,0.0,0.0,0.0,0.0,0.0,0.0,0.0,0.0,0.0,0.0,,,,,,,,False
2,163041,Bradley Cross,1531,1,0.0,0.0,0.0,0.0,0.0,0.0,0.0,0.0,0.0,0.0,0.0,0.0,,,,,,,,False
2,163189,Malick Thiaw,25,1,0.0,0.0,0.0,0.0,0.0,0.0,0.0,0.0,0.0,0.0,0.0,0.0,,,,,,,,False
2,163200,CJ Dos Santos,1533,1,0.0,0.0,0.0,0.0,0.0,0.0,0.0,0.0,0.0,0.0,0.0,0.0,,,,,,,,False
2,163220,Jeremy Antonisse,5530,1,0.0,0.0,0.0,0.0,0.0,0.0,0.0,0.0,0.0,0.0,0.0,0.0,,,,,,,,False
2,163854,Ali Yousif,1567,1,0.0,0.0,0.0,0.0,0.0,0.0,0.0,0.0,0.0,0.0,0.0,0.0,,,,,,,,False
2,163884,Abdallah Al-Fakhouri,1548,1,0.0,0.0,0.0,0.0,0.0,0.0,0.0,0.0,0.0,0.0,0.0,0.0,,,,,,,,False
2,163908,Noureddin Zaid,1548,1,0.0,0.0,0.0,0.0,0.0,0.0,0.0,0.0,0.0,0.0,0.0,0.0,,,,,,,,False
2,164214,Ibrahim Sadeh,1548,1,0.0,0.0,0.0,0.0,0.0,0.0,0.0,0.0,0.0,0.0,0.0,0.0,,,,,,,,False
2,174768,Alexandre Pierre,2386,1,0.0,0.0,0.0,0.0,0.0,0.0,0.0,0.0,0.0,0.0,0.0,0.0,,,,,,,,False
2,180937,Henrik Sælebakke Falchener,1090,1,0.0,0.0,0.0,0.0,0.0,0.0,0.0,0.0,0.0,0.0,0.0,0.0,,,,,,,,False
2,182718,Joan García,9,1,0.0,0.0,0.0,0.0,0.0,0.0,0.0,0.0,0.0,0.0,0.0,0.0,,,,,,,,False
2,191289,Amine Sbai,31,1,0.0,0.0,0.0,0.0,0.0,0.0,0.0,0.0,0.0,0.0,0.0,0.0,,,,,,,,False
2,193279,Jayden Nelson,5529,1,0.0,0.0,0.0,0.0,0.0,0.0,0.0,0.0,0.0,0.0,0.0,0.0,,,,,,,,False
2,193288,Nawaf Al-Aqidi,23,1,0.0,0.0,0.0,0.0,0.0,0.0,0.0,0.0,0.0,0.0,0.0,0.0,,,,,,,,False
2,194536,Robin Roefs,1118,1,0.0,0.0,0.0,0.0,0.0,0.0,0.0,0.0,0.0,0.0,0.0,0.0,,,,,,,,False
2,194645,Shurandy Sambo,5530,1,0.0,0.0,0.0,0.0,0.0,0.0,0.0,0.0,0.0,0.0,0.0,0.0,,,,,,,,False
2,196156,Igor Thiago,6,1,0.0,0.0,0.0,0.0,0.0,0.0,0.0,0.0,0.0,0.0,0.0,0.0,,,,,,,,False
2,196298,Ramón Sosa,2380,1,0.0,0.0,0.0,0.0,0.0,0.0,0.0,0.0,0.0,0.0,0.0,0.0,,,,,,,,False
2,198211,Amer Jamous,1548,1,0.0,0.0,0.0,0.0,0.0,0.0,0.0,0.0,0.0,0.0,0.0,0.0,,,,,,,,False
2,198347,Anthony Valencia,2382,1,0.0,0.0,0.0,0.0,0.0,0.0,0.0,0.0,0.0,0.0,0.0,0.0,,,,,,,,False
2,198654,Daniel Svensson,5,1,0.0,0.0,0.0,0.0,0.0,0.0,0.0,0.0,0.0,0.0,0.0,0.0,,,,,,,,False
2,214129,Tyrick Bodak,5530,1,0.0,0.0,0.0,0.0,0.0,0.0,0.0,0.0,0.0,0.0,0.0,0.0,,,,,,,,False
2,221605,Florian Wiegele,775,1,0.0,0.0,0.0,0.0,0.0,0.0,0.0,0.0,0.0,0.0,0.0,0.0,,,,,,,,False
2,237142,Carl Fred Sainté,2386,1,0.0,0.0,0.0,0.0,0.0,0.0,0.0,0.0,0.0,0.0,0.0,0.0,,,,,,,,False
2,237220,Lee Tae-seok,17,1,0.0,0.0,0.0,0.0,0.0,0.0,0.0,0.0,0.0,0.0,0.0,0.0,,,,,,,,False
2,263228,Parfait Guiagon,1501,1,0.0,0.0,0.0,0.0,0.0,0.0,0.0,0.0,0.0,0.0,0.0,0.0,,,,,,,,False
2,264378,Sander Tangvik,1090,1,0.0,0.0,0.0,0.0,0.0,0.0,0.0,0.0,0.0,0.0,0.0,0.0,,,,,,,,False
2,264705,Ardon Jashari,15,1,0.0,0.0,0.0,0.0,0.0,0.0,0.0,0.0,0.0,0.0,0.0,0.0,,,,,,,,False
2,265444,Sondre Langås,1090,1,0.0,0.0,0.0,0.0,0.0,0.0,0.0,0.0,0.0,0.0,0.0,0.0,,,,,,,,False
2,265785,Luiz Henrique,6,1,0.0,0.0,0.0,0.0,0.0,0.0,0.0,0.0,0.0,0.0,0.0,0.0,,,,,,,,False
2,266606,Chris Brady,2384,1,0.0,0.0,0.0,0.0,0.0,0.0,0.0,0.0,0.0,0.0,0.0,0.0,,,,,,,,False
2,268806,Kelvin Pires,1533,1,0.0,0.0,0.0,0.0,0.0,0.0,0.0,0.0,0.0,0.0,0.0,0.0,,,,,,,,False
2,269172,Ziyad Aljohani,23,1,0.0,0.0,0.0,0.0,0.0,0.0,0.0,0.0,0.0,0.0,0.0,0.0,,,,,,,,False
2,269349,Lukáš Horníček,770,1,0.0,0.0,0.0,0.0,0.0,0.0,0.0,0.0,0.0,0.0,0.0,0.0,,,,,,,,False
2,275367,Wilguens Paugain,2386,1,0.0,0.0,0.0,0.0,0.0,0.0,0.0,0.0,0.0,0.0,0.0,0.0,,,,,,,,False
2,276184,Mamadou Sarr,13,1,0.0,0.0,0.0,0.0,0.0,0.0,0.0,0.0,0.0,0.0,0.0,0.0,,,,,,,,False
2,277046,Mohamed Koné,1501,1,0.0,0.0,0.0,0.0,0.0,0.0,0.0,0.0,0.0,0.0,0.0,0.0,,,,,,,,False
2,277930,Thelo Aasgaard,1090,1,0.0,0.0,0.0,0.0,0.0,0.0,0.0,0.0,0.0,0.0,0.0,0.0,,,,,,,,False
2,280358,Jens Castrop,17,1,0.0,0.0,0.0,0.0,0.0,0.0,0.0,0.0,0.0,0.0,0.0,0.0,,,,,,,,False
2,280695,Alan Minda,2382,1,0.0,0.0,0.0,0.0,0.0,0.0,0.0,0.0,0.0,0.0,0.0,0.0,,,,,,,,False
2,283252,Zakaria El Ouahdi,31,1,0.0,0.0,0.0,0.0,0.0,0.0,0.0,0.0,0.0,0.0,0.0,0.0,,,,,,,,False
2,284072,Ahmadou Bamba Dieng,13,1,0.0,0.0,0.0,0.0,0.0,0.0,0.0,0.0,0.0,0.0,0.0,0.0,,,,,,,,False
2,284554,Owen Goodman,5529,1,0.0,0.0,0.0,0.0,0.0,0.0,0.0,0.0,0.0,0.0,0.0,0.0,,,,,,,,False
2,290212,Denis Višinský,770,1,0.0,0.0,0.0,0.0,0.0,0.0,0.0,0.0,0.0,0.0,0.0,0.0,,,,,,,,False
2,291713,Armando González,16,1,0.0,0.0,0.0,0.0,0.0,0.0,0.0,0.0,0.0,0.0,0.0,0.0,,,,,,,,False
2,292253,Ahmed Hasan Maknazi,1567,1,0.0,0.0,0.0,0.0,0.0,0.0,0.0,0.0,0.0,0.0,0.0,0.0,,,,,,,,False
2,295394,Munaf Younus,1567,1,0.0,0.0,0.0,0.0,0.0,0.0,0.0,0.0,0.0,0.0,0.0,0.0,,,,,,,,False
2,295513,José Manuel López,26,1,0.0,0.0,0.0,0.0,0.0,0.0,0.0,0.0,0.0,0.0,0.0,0.0,,,,,,,,False
2,295793,Marc Pubill,9,1,0.0,0.0,0.0,0.0,0.0,0.0,0.0,0.0,0.0,0.0,0.0,0.0,,,,,,,,False
2,295977,Tshepang Moremi,1531,1,0.0,0.0,0.0,0.0,0.0,0.0,0.0,0.0,0.0,0.0,0.0,0.0,,,,,,,,False
2,296645,Tete Yengi,20,1,0.0,0.0,0.0,0.0,0.0,0.0,0.0,0.0,0.0,0.0,0.0,0.0,,,,,,,,False
2,296667,Pablo Gavi,9,1,0.0,0.0,0.0,0.0,0.0,0.0,0.0,0.0,0.0,0.0,0.0,0.0,,,,,,,,False
2,304229,Melvin Mastil,1532,1,0.0,0.0,0.0,0.0,0.0,0.0,0.0,0.0,0.0,0.0,0.0,0.0,,,,,,,,False
2,304467,Jehad Thakri,23,1,0.0,0.0,0.0,0.0,0.0,0.0,0.0,0.0,0.0,0.0,0.0,0.0,,,,,,,,False
2,304782,Tomoki Hayakawa,12,1,0.0,0.0,0.0,0.0,0.0,0.0,0.0,0.0,0.0,0.0,0.0,0.0,,,,,,,,False
2,306940,Yaimar Medina,2382,1,0.0,0.0,0.0,0.0,0.0,0.0,0.0,0.0,0.0,0.0,0.0,0.0,,,,,,,,False
2,313353,Promise David,5529,1,0.0,0.0,0.0,0.0,0.0,0.0,0.0,0.0,0.0,0.0,0.0,0.0,,,,,,,,False
2,313937,Antoine Mendy,13,1,0.0,0.0,0.0,0.0,0.0,0.0,0.0,0.0,0.0,0.0,0.0,0.0,,,,,,,,False
2,314377,Samed Baždar,1113,1,0.0,0.0,0.0,0.0,0.0,0.0,0.0,0.0,0.0,0.0,0.0,0.0,,,,,,,,False
2,314882,Saad Al Rousan,1548,1,0.0,0.0,0.0,0.0,0.0,0.0,0.0,0.0,0.0,0.0,0.0,0.0,,,,,,,,False
2,318930,Garven-Michee Metusala,2386,1,0.0,0.0,0.0,0.0,0.0,0.0,0.0,0.0,0.0,0.0,0.0,0.0,,,,,,,,False
2,319572,Valentín Barco,26,1,0.0,0.0,0.0,0.0,0.0,0.0,0.0,0.0,0.0,0.0,0.0,0.0,,,,,,,,False
2,323935,Giuliano Simeone,26,1,0.0,0.0,0.0,0.0,0.0,0.0,0.0,0.0,0.0,0.0,0.0,0.0,,,,,,,,False
2,326183,Redouane Halhal,31,1,0.0,0.0,0.0,0.0,0.0,0.0,0.0,0.0,0.0,0.0,0.0,0.0,,,,,,,,False
2,327599,Yassine Titraoui,1532,1,0.0,0.0,0.0,0.0,0.0,0.0,0.0,0.0,0.0,0.0,0.0,0.0,,,,,,,,False
2,327631,Habib Diarra,13,1,0.0,0.0,0.0,0.0,0.0,0.0,0.0,0.0,0.0,0.0,0.0,0.0,,,,,,,,False
2,329163,Adil Boulbina,1532,1,0.0,0.0,0.0,0.0,0.0,0.0,0.0,0.0,0.0,0.0,0.0,0.0,,,,,,,,False
2,330174,Tholo Thabang Matuludi,1531,1,0.0,0.0,0.0,0.0,0.0,0.0,0.0,0.0,0.0,0.0,0.0,0.0,,,,,,,,False
2,332056,Wagner Pina,1533,1,0.0,0.0,0.0,0.0,0.0,0.0,0.0,0.0,0.0,0.0,0.0,0.0,,,,,,,,False
2,334429,Oumar Diakité,1501,1,0.0,0.0,0.0,0.0,0.0,0.0,0.0,0.0,0.0,0.0,0.0,0.0,,,,,,,,False
2,334915,Farès Ghedjemis,1532,1,0.0,0.0,0.0,0.0,0.0,0.0,0.0,0.0,0.0,0.0,0.0,0.0,,,,,,,,False
2,335056,Diego Moreira,1,1,0.0,0.0,0.0,0.0,0.0,0.0,0.0,0.0,0.0,0.0,0.0,0.0,,,,,,,,False
2,336657,Warren Zaïre-Emery,2,1,0.0,0.0,0.0,0.0,0.0,0.0,0.0,0.0,0.0,0.0,0.0,0.0,,,,,,,,False
2,337740,Štěpán Chaloupek,770,1,0.0,0.0,0.0,0.0,0.0,0.0,0.0,0.0,0.0,0.0,0.0,0.0,,,,,,,,False
2,338045,Denil Castillo,2382,1,0.0,0.0,0.0,0.0,0.0,0.0,0.0,0.0,0.0,0.0,0.0,0.0,,,,,,,,False
2,338751,Víctor Muñoz,9,1,0.0,0.0,0.0,0.0,0.0,0.0,0.0,0.0,0.0,0.0,0.0,0.0,,,,,,,,False
2,340151,Mike Penders,1,1,0.0,0.0,0.0,0.0,0.0,0.0,0.0,0.0,0.0,0.0,0.0,0.0,,,,,,,,False
2,341642,Jorrel Hato,1118,1,0.0,0.0,0.0,0.0,0.0,0.0,0.0,0.0,0.0,0.0,0.0,0.0,,,,,,,,False
2,341844,Mohammad Ghorbani,22,1,0.0,0.0,0.0,0.0,0.0,0.0,0.0,0.0,0.0,0.0,0.0,0.0,,,,,,,,False
2,342740,Achref Abada,1532,1,0.0,0.0,0.0,0.0,0.0,0.0,0.0,0.0,0.0,0.0,0.0,0.0,,,,,,,,False
2,343287,Dailon Rocha Livramento,1533,1,0.0,0.0,0.0,0.0,0.0,0.0,0.0,0.0,0.0,0.0,0.0,0.0,,,,,,,,False
2,343405,Aria Yousefi,22,1,0.0,0.0,0.0,0.0,0.0,0.0,0.0,0.0,0.0,0.0,0.0,0.0,,,,,,,,False
2,344862,Hazem Mastouri,28,1,0.0,0.0,0.0,0.0,0.0,0.0,0.0,0.0,0.0,0.0,0.0,0.0,,,,,,,,False
2,347211,Robin Risser,2,1,0.0,0.0,0.0,0.0,0.0,0.0,0.0,0.0,0.0,0.0,0.0,0.0,,,,,,,,False
2,350037,Nico Paz,26,1,0.0,0.0,0.0,0.0,0.0,0.0,0.0,0.0,0.0,0.0,0.0,0.0,,,,,,,,False
2,350799,Jeremy Arevalo,2382,1,0.0,0.0,0.0,0.0,0.0,0.0,0.0,0.0,0.0,0.0,0.0,0.0,,,,,,,,False
2,354027,Joel Ordóñez,2382,1,0.0,0.0,0.0,0.0,0.0,0.0,0.0,0.0,0.0,0.0,0.0,0.0,,,,,,,,False
2,354753,Ousmane Diomande,1501,1,0.0,0.0,0.0,0.0,0.0,0.0,0.0,0.0,0.0,0.0,0.0,0.0,,,,,,,,False
2,357209,Wi-je Cho,17,1,0.0,0.0,0.0,0.0,0.0,0.0,0.0,0.0,0.0,0.0,0.0,0.0,,,,,,,,False
2,357286,Jun-Ho Bae,17,1,0.0,0.0,0.0,0.0,0.0,0.0,0.0,0.0,0.0,0.0,0.0,0.0,,,,,,,,False
2,362400,Maximilian Arfsten,2384,1,0.0,0.0,0.0,0.0,0.0,0.0,0.0,0.0,0.0,0.0,0.0,0.0,,,,,,,,False
2,369544,Gessime Yassine,31,1,0.0,0.0,0.0,0.0,0.0,0.0,0.0,0.0,0.0,0.0,0.0,0.0,,,,,,,,False
2,371050,Woodensky Pierre,2386,1,0.0,0.0,0.0,0.0,0.0,0.0,0.0,0.0,0.0,0.0,0.0,0.0,,,,,,,,False
2,375608,Moataz Nefati,28,1,0.0,0.0,0.0,0.0,0.0,0.0,0.0,0.0,0.0,0.0,0.0,0.0,,,,,,,,False
2,375974,Joaquin Seys,1,1,0.0,0.0,0.0,0.0,0.0,0.0,0.0,0.0,0.0,0.0,0.0,0.0,,,,,,,,False
2,380978,Assan Ouédraogo,25,1,0.0,0.0,0.0,0.0,0.0,0.0,0.0,0.0,0.0,0.0,0.0,0.0,,,,,,,,False
2,387643,Bazoumana Touré,1501,1,0.0,0.0,0.0,0.0,0.0,0.0,0.0,0.0,0.0,0.0,0.0,0.0,,,,,,,,False
2,390002,Mateo Chávez,16,1,0.0,0.0,0.0,0.0,0.0,0.0,0.0,0.0,0.0,0.0,0.0,0.0,,,,,,,,False
2,392387,Olwethu Makhanya,1531,1,0.0,0.0,0.0,0.0,0.0,0.0,0.0,0.0,0.0,0.0,0.0,0.0,,,,,,,,False
2,393977,Adem Arous,28,1,0.0,0.0,0.0,0.0,0.0,0.0,0.0,0.0,0.0,0.0,0.0,0.0,,,,,,,,False
2,400948,Assane Diao,13,1,0.0,0.0,0.0,0.0,0.0,0.0,0.0,0.0,0.0,0.0,0.0,0.0,,,,,,,,False
2,405957,Lachlan Bayliss,4673,1,0.0,0.0,0.0,0.0,0.0,0.0,0.0,0.0,0.0,0.0,0.0,0.0,,,,,,,,False
2,406303,Kendry Páez,2382,1,0.0,0.0,0.0,0.0,0.0,0.0,0.0,0.0,0.0,0.0,0.0,0.0,,,,,,,,False
2,406846,Tyrese Noslin,5530,1,0.0,0.0,0.0,0.0,0.0,0.0,0.0,0.0,0.0,0.0,0.0,0.0,,,,,,,,False
2,409670,Arjan Malić,1113,1,0.0,0.0,0.0,0.0,0.0,0.0,0.0,0.0,0.0,0.0,0.0,0.0,,,,,,,,False
2,422572,Kento Shiogai,12,1,0.0,0.0,0.0,0.0,0.0,0.0,0.0,0.0,0.0,0.0,0.0,0.0,,,,,,,,False
2,423737,Tahsin Mohammed Jamshid,1569,1,0.0,0.0,0.0,0.0,0.0,0.0,0.0,0.0,0.0,0.0,0.0,0.0,,,,,,,,False
2,423753,Amirmohammad Razzaghinia,22,1,0.0,0.0,0.0,0.0,0.0,0.0,0.0,0.0,0.0,0.0,0.0,0.0,,,,,,,,False
2,426480,Lucas Herrington,20,1,0.0,0.0,0.0,0.0,0.0,0.0,0.0,0.0,0.0,0.0,0.0,0.0,,,,,,,,False
2,427187,Mustafa Saadoon,1567,1,0.0,0.0,0.0,0.0,0.0,0.0,0.0,0.0,0.0,0.0,0.0,0.0,,,,,,,,False
2,430078,Samukelo Kabini,1531,1,0.0,0.0,0.0,0.0,0.0,0.0,0.0,0.0,0.0,0.0,0.0,0.0,,,,,,,,False
2,433272,Findlay Curtis,1108,1,0.0,0.0,0.0,0.0,0.0,0.0,0.0,0.0,0.0,0.0,0.0,0.0,,,,,,,,False
2,446130,Mladen Jurkas,1113,1,0.0,0.0,0.0,0.0,0.0,0.0,0.0,0.0,0.0,0.0,0.0,0.0,,,,,,,,False
2,474630,Khulumani Ndamane,1531,1,0.0,0.0,0.0,0.0,0.0,0.0,0.0,0.0,0.0,0.0,0.0,0.0,,,,,,,,False
2,482605,Gilberto Mora,16,1,0.0,0.0,0.0,0.0,0.0,0.0,0.0,0.0,0.0,0.0,0.0,0.0,,,,,,,,False
2,498250,Mohamed Alaa,32,1,0.0,0.0,0.0,0.0,0.0,0.0,0.0,0.0,0.0,0.0,0.0,0.0,,,,,,,,False
2,532950,Danial Eiri,22,1,0.0,0.0,0.0,0.0,0.0,0.0,0.0,0.0,0.0,0.0,0.0,0.0,,,,,,,,False
2,533295,Khalil Ayari,28,1,0.0,0.0,0.0,0.0,0.0,0.0,0.0,0.0,0.0,0.0,0.0,0.0,,,,,,,,False
2,533360,Raed Chikhaoui,28,1,0.0,0.0,0.0,0.0,0.0,0.0,0.0,0.0,0.0,0.0,0.0,0.0,,,,,,,,False
2,533394,Abdelmouhib Chamakh,28,1,0.0,0.0,0.0,0.0,0.0,0.0,0.0,0.0,0.0,0.0,0.0,0.0,,,,,,,,False
2,542644,Ali Jasim,1567,1,0.0,0.0,0.0,0.0,0.0,0.0,0.0,0.0,0.0,0.0,0.0,0.0,,,,,,,,False
2,550371,Tarek Alaa,32,1,0.0,0.0,0.0,0.0,0.0,0.0,0.0,0.0,0.0,0.0,0.0,0.0,,,,,,,,False
2,555437,Hugo Sochurek,770,1,0.0,0.0,0.0,0.0,0.0,0.0,0.0,0.0,0.0,0.0,0.0,0.0,,,,,,,,False
2,557460,Tyler Fletcher,1108,1,0.0,0.0,0.0,0.0,0.0,0.0,0.0,0.0,0.0,0.0,0.0,0.0,,,,,,,,False
2,566059,Rayan Elloumi,28,1,0.0,0.0,0.0,0.0,0.0,0.0,0.0,0.0,0.0,0.0,0.0,0.0,,,,,,,,False
2,573613,Keeto Thermoncy,2386,1,0.0,0.0,0.0,0.0,0.0,0.0,0.0,0.0,0.0,0.0,0.0,0.0,,,,,,,,False
2,601853,Mohammad Abu Ghoush,1548,1,0.0,0.0,0.0,0.0,0.0,0.0,0.0,0.0,0.0,0.0,0.0,0.0,,,,,,,,False
2,630895,Bara Sapoko Ndiaye,13,1,0.0,0.0,0.0,0.0,0.0,0.0,0.0,0.0,0.0,0.0,0.0,0.0,,,,,,,,False
2,664028,Anas Badawi,1548,1,0.0,0.0,0.0,0.0,0.0,0.0,0.0,0.0,0.0,0.0,0.0,0.0,,,,,,,,False
